标题,链接,内容摘要
这所快100岁的“华南第一学府”，有多了不起?,https://so.toutiao.com/search/jump?url=http%3A%2F%2Fwww.toutiao.com%2Fa7246300071128498723%2F%3Fchannel%3D%26source%3Dsearch_tab&aid=4916&jtoken=e5cb68446a79ba5d6b844e3a2da048e7e42aed0d88c79ca88476dae9919dda617dbc90a463cd8a5da9cedfeee436a8e06a5387bb3cbea42a3088f5720ec80da5,在广东以北的“北方人”眼里，“华南第一学府”中山大学，是一座遥远而神秘的名校——在广州的高楼大厦里， 绿意满满的中山大学分外醒目。
中山大学传来好消息，深圳校区扩招!报考优势，令人心动,https://so.toutiao.com/search/jump?url=http%3A%2F%2Fwww.toutiao.com%2Fa7334246839140499987%2F%3Fchannel%3D%26source%3Dsearch_tab&aid=4916&jtoken=e5cb68446a79ba5d6b844e3a2da048e7fdcf8ddeb65eb66716aedcff8f79e990e7f582609cfe13d84dd2d97fd243fce707f6da729e405cf083c195d4e9cf8006,中山大学是985全国重点大学，在世界四大排行榜上，中山大学排名遥遥领先，位居全国高校前十之列，也是世界百强大学，其实力和地位令人刮目相看。
中山大学是985倒数吗?跟清华北大差距大吗?,https://so.toutiao.com/search/jump?url=http%3A%2F%2Fwww.toutiao.com%2Fa7331168136797946403%2F%3Fchannel%3D%26source%3Dsearch_tab&aid=4916&jtoken=e5cb68446a79ba5d6b844e3a2da048e73f95df8f65ee141d04a3f2e43dfdebf501984e8bbac0bc40b19431aedc767d40fd11d5f61d640060f9741111acc1a899,"开朗铅笔Da
26评论
2月3日"
,,
人这一辈子，一定要去中山大学邂逅百年红楼!,https://so.toutiao.com/search/jump?url=http%3A%2F%2Fwww.toutiao.com%2Fa7353604794411860530%2F%3Fchannel%3D%26source%3Dsearch_tab&aid=4916&jtoken=e5cb68446a79ba5d6b844e3a2da048e7fb419db29f1def675069d8b82b6756b50dd83042b704344d5ab420d8c439685189dd5fb227966c31d909f1ceab96b547,百年红楼屹立中大南校园，青翠草木间，红墙绿瓦古朴典雅，拾级而上，可闻历史遗韵。中山大学南校园。瞿澄远 摄 中山大学南校园怀士堂。
中山大学简介,https://so.toutiao.com/search/jump?url=http%3A%2F%2Fwww.toutiao.com%2Fa7256683858731942461%2F%3Fchannel%3D%26source%3Dsearch_tab&aid=4916&jtoken=e5cb68446a79ba5d6b844e3a2da048e7e0f3cfd90f34633d5979dd184e0b4d132bdc18ffd41b31f3fddaef96b9eb74046050d79f7950c762bb7e1a3e134cb860,学校概况 985、211、双一流，国重点，教育部直属。校本部位于广东省广州市、另有珠海、深圳两个校区。二:学校简史 1924年孙中山先生创办国立广东大...
中山大学-小视频,https://so.toutiao.com/search?keyword=%E4%B8%AD%E5%B1%B1%E5%A4%A7%E5%AD%A6&pd=xiaoshipin&source=aladdin&dvpf=pc&aid=4916&page_num=0&abparams={}&from_search_id=2024042616125265E1C49DAEE396DEF878,
马克龙为什么访问中山大学?,https://so.toutiao.com/search/jump?url=http%3A%2F%2Fwww.toutiao.com%2Fa7220406523409891872%2F%3Fchannel%3D%26source%3Dsearch_tab&aid=4916&jtoken=e5cb68446a79ba5d6b844e3a2da048e79269ea4b49fdb2126e4c812bc972a0a4c2d80aabf0016d1583da01dfdf109ba834608704f903b872b2314576a2e60a42,4月7日下午，在对中国进行国事访问期间，马克龙抵达广州中山大学南校区与学生进行交流。而中山大学，也成为法国总统马克龙本次中国行唯一访问的高校。
中山大学回应了,https://so.toutiao.com/search/jump?url=http%3A%2F%2Fwww.toutiao.com%2Fa7268530427433042484%2F%3Fchannel%3D%26source%3Dsearch_tab&aid=4916&jtoken=e5cb68446a79ba5d6b844e3a2da048e7d6ec9bf222d032357cb9803dce71c0d7477bec90c34c95295fcf3420ee79c5cba5103ef72743e6963954d594a578c0b5,昨日(8月17日)，广州日报·新花城记者从中山大学有关部门了解到，针对参观游览需求的群体，学校已在研究制定相关方案，将在保证学校正常教学科研秩...
中山大学集体患癌事件，第一次直观的体会到了，什么是信息壁垒,https://so.toutiao.com/search/jump?url=http%3A%2F%2Fwww.toutiao.com%2Fa7328353770273047052%2F%3Fchannel%3D%26source%3Dsearch_tab&aid=4916&jtoken=e5cb68446a79ba5d6b844e3a2da048e7c94e18f432079c6a2bf285229f31dd153562cefcadc52ddc1c5abdc031909d9be0607eda64a3310ded299e0e34460090,播放次数：3万次
中山大学2023招生计划出炉!全国招7650人，录取分数线汇总分析,https://so.toutiao.com/search/jump?url=http%3A%2F%2Fwww.toutiao.com%2Fa7243608771509928481%2F%3Fchannel%3D%26source%3Dsearch_tab&aid=4916&jtoken=e5cb68446a79ba5d6b844e3a2da048e730343b22dbc76962bbdd90ecace7e48158e0b58fe8f7f6a3aa92e27790f444689369b35ffae86df424abfec1f7621979,中山大学是我国著名的985工程大学，211工程大学，国家第一轮和第二轮“双一流”建设高校，是国家教育部直属高校。中山大学2023年度财政经费预算共1...
中山大学VS武汉大学，两强相争，谁更有性价比,https://so.toutiao.com/search/jump?url=http%3A%2F%2Fwww.toutiao.com%2Fa7358272626739036699%2F%3Fchannel%3D%26source%3Dsearch_tab&aid=4916&jtoken=e5cb68446a79ba5d6b844e3a2da048e7bf79f3b2812f321b257b1687e15ff16d6ff6b7f836f402faadcbde753e200a9d7d319adcabc5ba77e9b98c95475ed56d,中山大学，曾经的国立第一中山大学。武汉大学，曾经的国立第二中山大学。两所实力强劲的全国重点综合性大学，985工程，双一流A类大学建设高校，当...
国家985、211工程著名高校:中山大学,https://so.toutiao.com/search/jump?url=http%3A%2F%2Fwww.toutiao.com%2Fa7355381619596722751%2F%3Fchannel%3D%26source%3Dsearch_tab&aid=4916&jtoken=e5cb68446a79ba5d6b844e3a2da048e78fd39661afbf540b683d2af435a10aafe1995ad741feac2b5828d7af44e8d5a7e23db89dcd2284dcc1d66fb2ec6c50c8,播放次数：218次
天时地利人和的中山大学为何没有成为“复交浙”?比武大都一截了,https://so.toutiao.com/search/jump?url=http%3A%2F%2Fwww.toutiao.com%2Fa7295182680499733026%2F%3Fchannel%3D%26source%3Dsearch_tab&aid=4916&jtoken=e5cb68446a79ba5d6b844e3a2da048e79d5f0d5d7e5e2024ce39846836a43db7254ab7021461231709fccd4258cf8391266a7658b1e341053a8513b667c39ab2,中山大学拥有成为顶级名校的天时地利人和，为何逐渐沦为985高校中的平庸呢? 现在的中山除去医学院可以拿得出手，其它学科，不要说复交浙比了，就是...
考上中山大学意味着什么?,https://so.toutiao.com/search/jump?url=http%3A%2F%2Fwww.toutiao.com%2Fa7214735209902768673%2F%3Fchannel%3D%26source%3Dsearch_tab&aid=4916&jtoken=e5cb68446a79ba5d6b844e3a2da048e7c5260402dd5db42b654e01bdc6cd5297b6c0141f2953cc81842db7d84deead4adc91da2e41722d6ccce9e04e788f9b57,考上中山大学意味着半只脚踏入了体制内。中山大学是广东省最知名的高校之一，也是全国排名位居前列的高水平综合性大学，是全国双一流建设高校。
泰晤士“中国学科评级”结果出炉，中山大学22个学科获评A+!,https://so.toutiao.com/search/jump?url=http%3A%2F%2Fwww.toutiao.com%2Fa7352416350410654208%2F%3Fchannel%3D%26source%3Dsearch_tab&aid=4916&jtoken=e5cb68446a79ba5d6b844e3a2da048e77d46e594f52c4a0ae26186651b012768c2cec89d114b90f16212720c4d45b833cb616e0d784309f0f51c2085b31dcd01,中山大学表现优异，共有59个学科入选，A类学科数量达49个，其中22个A+学科，入选数量位居全国前10，相较去年新增一个A+学科，整体学科实力强劲。
全省2500名，中山大学和中南大学，怎么选?老师告诉你答案,https://so.toutiao.com/search/jump?url=http%3A%2F%2Fwww.toutiao.com%2Fa7317441251748594216%2F%3Fchannel%3D%26source%3Dsearch_tab&aid=4916&jtoken=e5cb68446a79ba5d6b844e3a2da048e745ffe1ad7779e2003eb6cb481833f4837d21ccee103d3121dbbabddf3a94fd9829b69de9ccbc1bd53bebd2c81ca30558,"松子说教育
58评论
2023年12月29日"
中山大学介绍,https://so.toutiao.com/search/jump?url=http%3A%2F%2Fwww.toutiao.com%2Fa7259383758049640994%2F%3Fchannel%3D%26source%3Dsearch_tab&aid=4916&jtoken=e5cb68446a79ba5d6b844e3a2da048e75e79bd1eafa8eced63a3484c08cbe9c44508015937bb6a5e7336306d3eaed66b4f831229b30acfdf6eb1bf3dc2586a0d,播放次数：182次
中山大学，广东人心中的清华北大，多少分才能考上呢?答案来了!,https://so.toutiao.com/search/jump?url=http%3A%2F%2Fwww.toutiao.com%2Fa7266338348770918947%2F%3Fchannel%3D%26source%3Dsearch_tab&aid=4916&jtoken=e5cb68446a79ba5d6b844e3a2da048e795f9006bf5f58425fb22020465b7320efb4fdcac1cd72cc6c3fc897892f466d1cb87f844c8d932c8391bb2f2e5dfbd91,刷短视频的时候，刷到一位美女主播推出的关于中山大学的短视频:广东人心中的清华北大，华南第一学府，这里的风景在全国所有大学里面都能排进前三，...
中山大学又现拉胯，在多省专项计划录取线靠后，原因深层次解析,https://so.toutiao.com/search/jump?url=http%3A%2F%2Fwww.toutiao.com%2Fa7255914731205263911%2F%3Fchannel%3D%26source%3Dsearch_tab&aid=4916&jtoken=e5cb68446a79ba5d6b844e3a2da048e775dde3e210c243712fdc755dd7002f9e54b41763894ac8182cec8fe50110e78f4b7c9498d38de2b3a040496cd094c409,中山大学位于广东省广州市，是我国南方的知名的高等学府。他源于1925年孙中山先生创立的国立广东大学，经过多年的发展，如今已成为一所具有国际影...
2023直击高招:高校强基计划——中山大学,https://so.toutiao.com/search/jump?url=http%3A%2F%2Fwww.toutiao.com%2Fa7220767346364711480%2F%3Fchannel%3D%26source%3Dsearch_tab&aid=4916&jtoken=e5cb68446a79ba5d6b844e3a2da048e7368ce7a2bd331f20dd807b4ad183ef8b6c2f35ae4e21fcfcc12f54af33436599f15730ebdf1202f46d16657434be2e63,中山大学2023年继续开展强基计划招生，探索多维度考核评价模式，选拔一批有志向、有兴趣、有天赋，以“立报国大志，做强国大事”为人生追求的青年...
中山大学举行开学典礼，校长寄语新生:不“躺平”，不“摆烂”,https://so.toutiao.com/search/jump?url=http%3A%2F%2Fwww.toutiao.com%2Fa7279762160505422371%2F%3Fchannel%3D%26source%3Dsearch_tab&aid=4916&jtoken=e5cb68446a79ba5d6b844e3a2da048e7bfc3880fa7a2b0e432b6bf5f01c7f8481d597b66d07671825d2ab54f9b145248f2d49138dd5d7f0548157c8b3d82500d,9月17日，中山大学举行2023年开学典礼暨“大学第一课”。来自中山大学三校区五校园的近2万名2023级新生，以线上线下结合的方式参加开学典礼，聆听...
谁是真正的中大?中山大学，中南大学还是中北大学?,https://so.toutiao.com/search/jump?url=http%3A%2F%2Fwww.toutiao.com%2Fa7259340890634781223%2F%3Fchannel%3D%26source%3Dsearch_tab&aid=4916&jtoken=e5cb68446a79ba5d6b844e3a2da048e740345f426912f2102d502fbd118508d44bc6c5d3d06c23e9bf1f817953096afdea711904f3fd4eff0853a40a81470c70,三个备选答案分别是中山大学，中南大学和中北大学，这也是广大学子最熟悉的3所以中字开头的大学，那么中大名称到底花落谁家呢? 中山大学是最早的“...
中山大学及现任领导简介,https://so.toutiao.com/search/jump?url=http%3A%2F%2Fwww.toutiao.com%2Fa7262749496700863037%2F%3Fchannel%3D%26source%3Dsearch_tab&aid=4916&jtoken=e5cb68446a79ba5d6b844e3a2da048e75cb5878b8a4c8c8c2f13bea7f9978cab0bf531bbbb9777305f73792d0a4f0a51515258669ea691ff4340d25026bf91ce,中山大学(Sun Yat-sen University)，简称“中大”，位于广东省，由中华人民共和国教育部直属，是教育部、国家国防科技工业局和广东省共建的综合性...
中山大学的这些，一般人我不告诉他,https://so.toutiao.com/search/jump?url=http%3A%2F%2Fwww.toutiao.com%2Fa7336814563826106891%2F%3Fchannel%3D%26source%3Dsearch_tab&aid=4916&jtoken=e5cb68446a79ba5d6b844e3a2da048e7c8d567ef572ead9de151cf74c02bfb50dc52fbd6a2016829fd6ae06cc8bdf54c9a12649ec598bd12e8f56a9b0ea3c863,中山大学 这是一所由孙中山先生亲手创办的高校，一所双一流、211、985高校 一所软科世界大学学术排名国内第7的高校，这就是中山大学，当之无愧的华...
广东GDP连续35年全国第一!2024，想要逐梦未来，就选中山大学!,https://so.toutiao.com/search/jump?url=http%3A%2F%2Fwww.toutiao.com%2Fa7332661194932748826%2F%3Fchannel%3D%26source%3Dsearch_tab&aid=4916&jtoken=e5cb68446a79ba5d6b844e3a2da048e733c2d3b22a8a22f2426bbe5ce7b5140e5dfdd8e71c85f49552c96f99e2f80cabb2e563e2853c21643f96c77c52752a92,亦孕育了许多知名学府，中山大学便是其中最为亮眼的存在。来中大，成为一流人才 从广东贡院所在地蹒跚起步，到广州石牌披荆斩棘办学，再到如今三个...
中山大学校长和中山市长，谁的官职高，谁的权力大,https://so.toutiao.com/search/jump?url=http%3A%2F%2Fwww.toutiao.com%2Fa7238478320340304387%2F%3Fchannel%3D%26source%3Dsearch_tab&aid=4916&jtoken=e5cb68446a79ba5d6b844e3a2da048e77123a7d42b8eb3f6b5d6d3b7f631941136aeee0b8440a553254cac4b75ca707cbbf16a547f220f9ad9fe9d5b7184fcf3,中山大学，并不在中山市办学，而是在广州办学。但是，总有人认为，中山大学和中山市有关系，它们之间的关系主要体现在中山市是孙中山先生的故乡。
中山大学可预约参观了!周末、节假日可入校,https://so.toutiao.com/search/jump?url=http%3A%2F%2Fwww.toutiao.com%2Fa7283432594874565180%2F%3Fchannel%3D%26source%3Dsearch_tab&aid=4916&jtoken=e5cb68446a79ba5d6b844e3a2da048e7468618170f2c7fc295140c3f70c0f01506b6a4260a3feb79be7307351dd8582a1cf3f0540a4a3c8cccaa0df6bf298552,南都讯 记者 孙小鹏 中山大学9月27日对外公布，自2023年9月27日开始，社会公众可预约在周末、国家法定节假日参观校园。校园参观实行网上实名预约，...
神奇!一家4代10人先后就读中山大学，收到2023首封录取通知书!,https://so.toutiao.com/search/jump?url=http%3A%2F%2Fwww.toutiao.com%2Fa7264879028090323471%2F%3Fchannel%3D%26source%3Dsearch_tab&aid=4916&jtoken=e5cb68446a79ba5d6b844e3a2da048e7e2cca7f650897d45b5728041bca7e3b153bd6a498c0c7576a1ba06b3966a6ffc4911b868667a95da05db10cb97183030,七月中旬，2023中山大学全国首封录取通知书送出，来自广东实验中学的陈麒羽收到了这份特别的礼物，成为中山大学的一份子。作为一名“有志向、有兴...
这又是谁的梦中情校，被中山大学校园美到了,https://so.toutiao.com/search/jump?url=http%3A%2F%2Fwww.toutiao.com%2Fa7358683860927775259%2F%3Fchannel%3D%26source%3Dsearch_tab&aid=4916&jtoken=e5cb68446a79ba5d6b844e3a2da048e708bcd7b1bf5393d70e868ce8d0c0650e9936074db073ad5626912c1d07d068c5218d987d589881f30d847c67bdeadd05,播放次数：1161次
马英九率台湾青年到访中山大学，两处参观点“有讲究”,https://so.toutiao.com/search/jump?url=http%3A%2F%2Fwww.toutiao.com%2Fa7353636644519182889%2F%3Fchannel%3D%26source%3Dsearch_tab&aid=4916&jtoken=e5cb68446a79ba5d6b844e3a2da048e78c15c5a17c027107f4fe2d616260b50505d1e5571613f2370d32fa0d391224f95ddb5fe569c37a8cc201415ad67790e4,4月3日下午，马英九率台湾青年到访中山大学广州校区南校园。在此他们参观了孙中山纪念馆，并前往怀士堂与中山大学学生座谈交流。中山大学也是马英...
现场“表白”!马英九参访团台青:这么晚才来中大遇见你,https://so.toutiao.com/search/jump?url=http%3A%2F%2Fwww.toutiao.com%2Fa7353626858488955401%2F%3Fchannel%3D%26source%3Dsearch_tab&aid=4916&jtoken=e5cb68446a79ba5d6b844e3a2da048e770292ace04fc79a0ecf3392c871176d354bc678883ed413ec816a11d9613001fe4a8c30172a390ce5f160438547b5824,” 4月3日下午，台湾青年学子在中大康乐园怀士堂的一段“表白”，瞬间引发两岸学子的尖叫与喝彩。 当天，马英九率“大...
马英九率台湾青年访问中山大学:共叙中山情，同话青年谊,https://so.toutiao.com/search/jump?url=http%3A%2F%2Fwww.toutiao.com%2Fa7353650501038260770%2F%3Fchannel%3D%26source%3Dsearch_tab&aid=4916&jtoken=e5cb68446a79ba5d6b844e3a2da048e773197fe9eacb78f1326c5458e5c01b56fa52b54774e8e8b68e6ae22d749809352cee234d6c8076a1aa14b6392e9efe7a,3日下午 马英九率台湾青年学子 到访中山大学广州校区南校园 两个小时的交流亲切愉悦 双方都留下了美好的印象 共叙中山情 马英九到访中山大学的第一...
中山大学举行2023届毕业典礼暨2023年学位授予仪式,https://so.toutiao.com/search/jump?url=http%3A%2F%2Fwww.toutiao.com%2Fa7250459529765224995%2F%3Fchannel%3D%26source%3Dsearch_tab&aid=4916&jtoken=e5cb68446a79ba5d6b844e3a2da048e77b8e8490dc21fd04fea3adff1e4956c1d30b1d3e46d71a886fe56f61dd388500f0461e30c69fdfa10bba379522359897,6月30日上午，中山大学2023届毕业典礼暨2023年学位授予仪式在该校广州校区南校园体育馆举行。共唱一曲山高水长，带着母校的嘱托与希冀，中山大学20...
中山大学获校友捐赠1亿元,https://so.toutiao.com/search/jump?url=http%3A%2F%2Fwww.toutiao.com%2Fa7359004037301420556%2F%3Fchannel%3D%26source%3Dsearch_tab&aid=4916&jtoken=e5cb68446a79ba5d6b844e3a2da048e73f202ca2e44b3ee4601b8bee63b023834ccc9a77d3681558bbfb22dace0b90aeba6583f15a4f512c4139e9b8f7706ad9,中新网广州4月17日电 (记者 许青青)中山大学今年迎来百岁华诞。17日，中山大学校友伉俪林斌、刘向东向中山大学捐赠1亿元庆祝母校百年华诞。
中山大学2023年确保不调剂专业，不能确保就读校区,https://so.toutiao.com/search/jump?url=http%3A%2F%2Fwww.toutiao.com%2Fa7249627874162950656%2F%3Fchannel%3D%26source%3Dsearch_tab&aid=4916&jtoken=e5cb68446a79ba5d6b844e3a2da048e79236ca7f4e2664620e6c3ade76120410d9ced51a2fe702e8bda922a5981765c9c090a6c926532626f34e8d8d118d5e2e,中山大学2023年完全‬改为按学院、分‬校区‬的‬小专业招生模式。承诺2023年在‬招生录取时，只要‬考生填满6个‬专业志愿，则100%录取到‬所填专...
官宣!这一全国名单公布，中山大学入选!,https://so.toutiao.com/search/jump?url=http%3A%2F%2Fwww.toutiao.com%2Fa7358737664772522505%2F%3Fchannel%3D%26source%3Dsearch_tab&aid=4916&jtoken=e5cb68446a79ba5d6b844e3a2da048e7e42fd7241f70b168109c5ee32db3449036b185706d36230682898cde5b8f5fc58d708758693729d607fa5e2c34069545,科技部办公厅、中国科学院办公厅公布了2023年度全国优秀科普微视频作品名单，中山大学国家超算广州中心原创科普微视频《携手“天河宝宝”，以科技...
中山大学百年校庆#中山大学 #大学 #大学生 #中大 #大学生活,https://so.toutiao.com/search/jump?url=http%3A%2F%2Fwww.toutiao.com%2Fa7356497282751005211%2F%3Fchannel%3D%26source%3Dsearch_tab&aid=4916&jtoken=e5cb68446a79ba5d6b844e3a2da048e7145d587799d38a16f3221c9c2e6ba8af80bd3d3737f7f70c60fb46cb4ef46223e4a31b619cd6fb8f1301c78b34f09c6e,播放次数：137次
"创全球""首个""、建国内""首台""!一文回顾属于中山大学的2023年!",https://so.toutiao.com/search/jump?url=http%3A%2F%2Fwww.toutiao.com%2Fa7317952370984403496%2F%3Fchannel%3D%26source%3Dsearch_tab&aid=4916&jtoken=e5cb68446a79ba5d6b844e3a2da048e79a5cf3315360e27987e4be9d572b20fe00b5692c240d2caaf882bcf5c5b1d99a23f42587a3b60d991ebb1fefa2da4516,从珠江之畔蜿蜒而上，新年的气息拂过中山大学的栋栋红楼，吹进古韵悠然的康乐园，2023年的车轮在此留下一道深深的印痕，成为学校努力建设中国特色...
多少分，可以上中山大学?(附2023年招生计划),https://so.toutiao.com/search/jump?url=http%3A%2F%2Fwww.toutiao.com%2Fa7243337360321053245%2F%3Fchannel%3D%26source%3Dsearch_tab&aid=4916&jtoken=e5cb68446a79ba5d6b844e3a2da048e790aaf82a6011d50b6fed1d954f89be0278109c110d96ade770cc986c986edaff50a198c4535599caa8f513581569ad27,我们在中山大学，等你! 高考结束后 就要开始考虑填报志愿的问题了 读大学填志愿 请认准招生代码:10558 下一站! 中大! 那么问题来了 在广东，考多少...
深圳中山大学，周末可预约参观，校园大不?,https://so.toutiao.com/search/jump?url=http%3A%2F%2Fwww.toutiao.com%2Fa7358661271481156148%2F%3Fchannel%3D%26source%3Dsearch_tab&aid=4916&jtoken=e5cb68446a79ba5d6b844e3a2da048e7b3ab9f681ac38242333a9f9bc15236ab85bd3aa1d5fce6dde8026274783545f1c1a015cb71e42f7bcf8326c4c80f538b,播放次数：451次
高校分享之中山大学:中山大学有何特色?各专业组录取分数是多少,https://so.toutiao.com/search/jump?url=http%3A%2F%2Fwww.toutiao.com%2Fa7237777966447460897%2F%3Fchannel%3D%26source%3Dsearch_tab&aid=4916&jtoken=e5cb68446a79ba5d6b844e3a2da048e739caf8db42523bce1f694a8efcbeaea97c8435de0768ee6ddb3c4bed7cbaa7357f190abe9d64ec8e08ec929d05d61bf1,播放次数：1081次
马英九再访大陆丨首站为什么选择广东，为什么参访中山大学,https://so.toutiao.com/search/jump?url=http%3A%2F%2Fwww.toutiao.com%2Fa7352862221808828943%2F%3Fchannel%3D%26source%3Dsearch_tab&aid=4916&jtoken=e5cb68446a79ba5d6b844e3a2da048e782c0fe1a3bb155b6afa90fad1a9e09e3c5581469506b2f01c21f90997258f756013e17c3840671225e0c4a11528325a8, 在广州，除参访中山大学与师生交流外，还去瞻仰黄花岗七十二烈士陵园、参观孙中山先生故居纪念馆与黄埔军校旧址纪念馆等，在吴非看来，这些安排都...
两岸青年互动热 马英九邀中山大学师生体验宝岛,https://so.toutiao.com/search/jump?url=http%3A%2F%2Fwww.toutiao.com%2Fa7353920329284944396%2F%3Fchannel%3D%26source%3Dsearch_tab&aid=4916&jtoken=e5cb68446a79ba5d6b844e3a2da048e78c74df5ddbae4620936a90d607e466a8ded775193b332dc03939485fd0af53c5e3c447d6c4ba70422f415064bce92175,中新社广州4月4日电 “很高兴认识你! ”“你的名字是什么? ”“来广东适应吗? ”3日下午，中山大学广州校区孙中山纪念馆前广场上，素未谋面的两岸...
充满魅力的广州中山大学是怎么样的?,https://so.toutiao.com/search/jump?url=http%3A%2F%2Fwww.toutiao.com%2Fa7360334107194229300%2F%3Fchannel%3D%26source%3Dsearch_tab&aid=4916&jtoken=e5cb68446a79ba5d6b844e3a2da048e7eb7db1b41e7cbc9b455d4a5a4714df4e7f48984447b66500e0c98384dc179ec83777f3f0e4c02e318b6b007f4c8e6415,想必有很多高中学子的梦想都是中山大学吧，不光光是因为这里学术氛围，更是因为这里是环境，是我们从小到大对大学最美好的想象。
中山大学,https://so.toutiao.com/search/jump?url=http%3A%2F%2Fwww.toutiao.com%2Fa7312062556129100340%2F%3Fchannel%3D%26source%3Dsearch_tab&aid=4916&jtoken=e5cb68446a79ba5d6b844e3a2da048e77786cd8d42508e3dfbbded50be07ea6908f71bcb0e902f4e4ab1fbd96fd94f6ad351eb226c69a4c52493c30b54e91933,播放次数：97次
中山大学举行2023年开学典礼暨“大学第一课”,https://so.toutiao.com/search/jump?url=http%3A%2F%2Fwww.toutiao.com%2Fa7279794335326323200%2F%3Fchannel%3D%26source%3Dsearch_tab&aid=4916&jtoken=e5cb68446a79ba5d6b844e3a2da048e71d32a77c0e6305e75f99cb082b75fae84afaff3ff761c62edc1d9700bc683dff380479c1d5396940f63c7c1c76c3b367,南都讯 记者孙小鹏 通讯员邱清萌 9月17日，中山大学举行2023年开学典礼暨“大学第一课”。来自三校区五校园的近2万名2023级新生，以线上线下结合的...
广东最高学府中山大学,https://so.toutiao.com/search/jump?url=http%3A%2F%2Fwww.toutiao.com%2Fa7298158182226985511%2F%3Fchannel%3D%26source%3Dsearch_tab&aid=4916&jtoken=e5cb68446a79ba5d6b844e3a2da048e717b6adeb92659a25747c578b9eb17b30646a5c4635e1e399d4c60c5c81eb8c8702dcf6dd2d99f0b0a4be0a3cd708246b,播放次数：93次
中山大学2023年本科招生7730人,https://so.toutiao.com/search/jump?url=http%3A%2F%2Fwww.toutiao.com%2Fa7245948317161538105%2F%3Fchannel%3D%26source%3Dsearch_tab&aid=4916&jtoken=e5cb68446a79ba5d6b844e3a2da048e75c7734460445dc403f1116d2b22bde9c956e8fcedd14677e0638ac8a9a2ecc9811fad4f13e5d625bad3ba4bbb2f8d480,18日上午，中山大学2023年本科招生信息发布会召开，中山大学副校长刘济科为考生介绍中大最新办学成果和人才培养特色，招生办公室主任荐志强解读了...
院校分析:中山大学在广东认可度仅次于清北?,https://so.toutiao.com/search/jump?url=http%3A%2F%2Fwww.toutiao.com%2Fa7315341521832804916%2F%3Fchannel%3D%26source%3Dsearch_tab&aid=4916&jtoken=e5cb68446a79ba5d6b844e3a2da048e77e81740670f31e40b1c93c6f17aa1107d78778fdf913c26fe80da6734d21d7be3605f9a5f4eb8b0fc05ada26dd80d706,播放次数：2935次
广东教育:中山大学有哪些校区?为什么没有在中山市设立校区?,https://so.toutiao.com/search/jump?url=http%3A%2F%2Fwww.toutiao.com%2Fa7186989175953162756%2F%3Fchannel%3D%26source%3Dsearch_tab&aid=4916&jtoken=e5cb68446a79ba5d6b844e3a2da048e788ef8e08004c0a613dbad2c135fbc3a1b085a325e1734dabbe45ff1a6fad35c68babe29670ec35d79a94ac737a57e2ab,我想在省内，大部分人都觉得是中山大学，没有之一，因为中山大学在广东人心中地位，是超过复旦、浙大的存在。中山大学的学校也不断扩大，目前已经...
中山大学辉煌不再,https://so.toutiao.com/search/jump?url=http%3A%2F%2Fwww.toutiao.com%2Fa7264592114942640674%2F%3Fchannel%3D%26source%3Dsearch_tab&aid=4916&jtoken=e5cb68446a79ba5d6b844e3a2da048e7272c1cd07ab75c579a57507a34767da3b50890a06ee96c5d81002a375a7328f84e4ff93fe851a77de1ca03206873cf1e,播放次数：35万次
高考必看的广东高校:中山大学,https://so.toutiao.com/search/jump?url=http%3A%2F%2Fwww.toutiao.com%2Fa7338011007275106816%2F%3Fchannel%3D%26source%3Dsearch_tab&aid=4916&jtoken=e5cb68446a79ba5d6b844e3a2da048e7859bc05147a539647237221f3f33324d5d80fc733491c9501ce5c7c8fc3f707754bdbc34b565182f1f1e1c1cdad2759f,播放次数：607次
中山大学只要496分，到底是大雪惹的祸?还是这个地方太好,https://so.toutiao.com/search/jump?url=http%3A%2F%2Fwww.toutiao.com%2Fa7247844019953205763%2F%3Fchannel%3D%26source%3Dsearch_tab&aid=4916&jtoken=e5cb68446a79ba5d6b844e3a2da048e77d437ef7698f465a3202cd1851b4162cb24c4cf8af2366daa7a24bd10982ac8ea44aebf53fe3ce00d35826cd2d61383f,播放次数：1万次
2024年全国百强大学排名:北大第1，华科大第7，中山大学第12,https://so.toutiao.com/search/jump?url=http%3A%2F%2Fwww.toutiao.com%2Fa7358275953396548096%2F%3Fchannel%3D%26source%3Dsearch_tab&aid=4916&jtoken=e5cb68446a79ba5d6b844e3a2da048e7120ca3206b04efc36cce65455e6d5f085275f8b969989f6b0bb6b492fd42514793064b22736352bc79e41e4b963dab3a,播放次数：2万次
中山大学“学霸寝室”!全员转专业“上岸”:3人直博、1人出国!,https://so.toutiao.com/search/jump?url=http%3A%2F%2Fwww.toutiao.com%2Fa7322023472887087643%2F%3Fchannel%3D%26source%3Dsearch_tab&aid=4916&jtoken=e5cb68446a79ba5d6b844e3a2da048e750658b28ad8c4297a3d973f5f848a6f90eaf98ee9312646ece0f66e60d11ecfcf0f1db90565bf6855848f67ec8527c8c,滨临珠海，三面环山，走进中山大学珠海校区，感受自内而外迸发的自由与朝气。这里枕海听涛、驰目骋怀，孕育了无数青年学子立大志、成大事的雄心壮志。
最低多少分能上广东第一名校“中山大学”?,https://so.toutiao.com/search/jump?url=http%3A%2F%2Fwww.toutiao.com%2Fa7222480849004921378%2F%3Fchannel%3D%26source%3Dsearch_tab&aid=4916&jtoken=e5cb68446a79ba5d6b844e3a2da048e7dafa8803075f607292e4d379eeca4369f3bd3943e4eae231fde9ecbc1d5c0b98e3b575cf75d77d0ba1c820cfebc4cde8,播放次数：11万次
中山大学介绍,https://so.toutiao.com/search/jump?url=http%3A%2F%2Fwww.toutiao.com%2Fa7252251941965824564%2F%3Fchannel%3D%26source%3Dsearch_tab&aid=4916&jtoken=e5cb68446a79ba5d6b844e3a2da048e735acba31c01ee21177f60935e1ee767c790cd3bf0ec5a26fc9b39d60e46901cda726f54aa93ee2f14c3a1a6c7a77173b,播放次数：145次
马英九率台青访中山大学 邀请大陆师生回访台湾,https://so.toutiao.com/search/jump?url=http%3A%2F%2Fwww.toutiao.com%2Fa7353883240551154215%2F%3Fchannel%3D%26source%3Dsearch_tab&aid=4916&jtoken=e5cb68446a79ba5d6b844e3a2da048e7773f8fa360e8f6dad5365b86f547923c15e06853817fa8181c89c6534746d5e92fc560b3410cf750585e3590855e9264,播放次数：4056次
中山大学医学博士集体患癌，导师师承七三一部队，学校刻意隐真相,https://so.toutiao.com/search/jump?url=http%3A%2F%2Fwww.toutiao.com%2Fa7329134077963928100%2F%3Fchannel%3D%26source%3Dsearch_tab&aid=4916&jtoken=e5cb68446a79ba5d6b844e3a2da048e7eda78ca6d7e4fdca19a79cd644ffbfeb34e45663bc47e4667e371b7471737a51a34d609cba56db16c31d35a9f3bd74a8,播放次数：11万次
无人机航拍中山大学:广东人心目中可以光宗耀祖的省内最强高校,https://so.toutiao.com/search/jump?url=http%3A%2F%2Fwww.toutiao.com%2Fa7264962259242189367%2F%3Fchannel%3D%26source%3Dsearch_tab&aid=4916&jtoken=e5cb68446a79ba5d6b844e3a2da048e75de5c53db4622464eba2f0f0e5975ca64808e25caf6a125fc3a0c1e3549e1fd62146a0a8265361b837eebfb6a020711c,播放次数：855次
南方人梦寐以求的学府中山大学!,https://so.toutiao.com/search/jump?url=http%3A%2F%2Fwww.toutiao.com%2Fa7354353798489309737%2F%3Fchannel%3D%26source%3Dsearch_tab&aid=4916&jtoken=e5cb68446a79ba5d6b844e3a2da048e7855f0d3a3b3e207cb75f8b8a3b4cd656dfca583927db06eb9bb7202dc6bfe81dc7d7b720bd745d1708a76dc8ba8a76a1,播放次数：78次
国家级72个、省级19个!就读中山大学，100%都是一流专业,https://so.toutiao.com/search/jump?url=http%3A%2F%2Fwww.toutiao.com%2Fa7110516353118913056%2F%3Fchannel%3D%26source%3Dsearch_tab&aid=4916&jtoken=e5cb68446a79ba5d6b844e3a2da048e729bd33a47de77e545b5e8f719edb3245fc7b5d6ba8bf5b2ac1e8ede4bf111cdd47d2a8f210272da3c7c310688cc78ca8,近日，教育部公布2021年度国家级和省级一流本科专业建设点名单。中山大学再添27个国家级及省级一流本科专业。至此，中山大学共有72个专业入选国家...
马英九拜访中山大学现址而非华南理工大学原址的主要原因是什么?,https://so.toutiao.com/search/jump?url=http%3A%2F%2Fwww.toutiao.com%2Fa7352509533169648179%2F%3Fchannel%3D%26source%3Dsearch_tab&aid=4916&jtoken=e5cb68446a79ba5d6b844e3a2da048e7ca5f1828bf8162ff2d414eac0912c7425be1822a8a0bcee2fc5325ebf13d6e8dade3be5b3b5dc04fb0e76e5456683090,播放次数：4万次
大学介绍-中山大学,https://so.toutiao.com/search/jump?url=http%3A%2F%2Fwww.toutiao.com%2Fa7225215721381462568%2F%3Fchannel%3D%26source%3Dsearch_tab&aid=4916&jtoken=e5cb68446a79ba5d6b844e3a2da048e7a765faefe7ab3919795bdb7eb98e461ded69d566106c4740806b9ae675565324ee2be6a061481d316b899d69a583ae20,播放次数：327次
中山大学为何变身“双鸭山大学”?,https://so.toutiao.com/search/jump?url=http%3A%2F%2Fwww.toutiao.com%2Fa6435553853994942722%2F%3Fchannel%3D%26source%3Dsearch_tab&aid=4916&jtoken=e5cb68446a79ba5d6b844e3a2da048e7729be1cae1ed11f25e2a472f760e791b5dde58d916538823090c0c190695380eb492aee6e95ffc48af1f865f5dd433c8,它的本名叫中山大学，因英文校名“Sun Yat-sen University”的谐音神似“双鸭山”被一位网友翻译为“双鸭山大学”。始作俑者“云湖浪子YZ25T”就此...
考上中山大学很厉害吗?毕业后有机会去华为吗?本文有答案,https://so.toutiao.com/search/jump?url=http%3A%2F%2Fwww.toutiao.com%2Fa6903450587254456845%2F%3Fchannel%3D%26source%3Dsearch_tab&aid=4916&jtoken=e5cb68446a79ba5d6b844e3a2da048e7e235b2314700913c76dc1770ca0a4ea471341763a4494af8016be7e9675b16c13a118cfc3d05328006005d1998665728,中山大学是全国知名985高校，也是广东省实力最强的大学。那么，考上中山大学算厉害吗? 2021年高考多少分能上中山大学? 华为招中山大学学生吗?
数据会说话，中山大学与武汉大学谁的实力更强?,https://so.toutiao.com/search/jump?url=http%3A%2F%2Fwww.toutiao.com%2Fa7120793490178556455%2F%3Fchannel%3D%26source%3Dsearch_tab&aid=4916&jtoken=e5cb68446a79ba5d6b844e3a2da048e7b4eee98a25952aec1512dfb0948fb91ee3a993adc7b7cc86eff6a1fab194d735a94a456fc3783efe0d5b75302882004c,中山大学最近二十年确实落寞了，已经被冠上了“双鸭山大学”的绰号了;武汉大学起码可以对得起自己的声誉。学科实力方面 在第四轮学科评估中，武汉...
中山大学发布讣告，著名历史学家林家有教授辞世,https://so.toutiao.com/search/jump?url=http%3A%2F%2Fwww.toutiao.com%2Fa7302771316510196239%2F%3Fchannel%3D%26source%3Dsearch_tab&aid=4916&jtoken=e5cb68446a79ba5d6b844e3a2da048e78b7d55881601c2e856961ca2dfd9b216191aa253153441d003c39774f731cb7116a92bfa777695a93487588b50f314e2,11月17日，中山大学发布讣告:我国著名历史学家、中山大学历史学系退休教师林家有教授因病于2023年11月16日下午在广州辞世，享年86岁。
中山大学环境科学与工程学院-百科,https://so.toutiao.com/search/jump?url=https%3A%2F%2Fwww.baike.com%2Fwiki%2F%25E4%25B8%25AD%25E5%25B1%25B1%25E5%25A4%25A7%25E5%25AD%25A6%25E7%258E%25AF%25E5%25A2%2583%25E7%25A7%2591%25E5%25AD%25A6%25E4%25B8%258E%25E5%25B7%25A5%25E7%25A8%258B%25E5%25AD%25A6%25E9%2599%25A2%2F895040%3Fquery%3D%25E4%25B8%25AD%25E5%25B1%25B1%25E5%25A4%25A7%25E5%25AD%25A6%26search_id%3D2024042616125265E1C49DAEE396DEF878%26result_type%3Dbaike_v2%26search_result_id%3D-1577161168937151248%26enter_from%3Dsynthesis%26baike_source%3Dtoutiao_search&aid=4916&jtoken=158141073c072192824ae1a6e4901a6e42860858303bb94b618699b04746b56dd6cfd45e66907e5ad303ac60d3437ff4c7f8c7b98c1c1ddaf2f405f5af158094817572c5082ead5395d81ca8b7d851b1168eddd4530dfbbd250b24b0bf7cd380a12b9449d0d027bcc31b01e37259fab24482c55047de229900f221dd14257d65117a801e4338aaa5e99070a88a599c61cc5481ea3eba40307bb99ba91ca1a32524b17fd3632696abfe9a1f13524ebe45,中山大学环境科学与工程学院是2002年10月由原中山大学地球与环境科学学院的环境科学研究所、环境科学系、大气科学系、季风与环境研究中心等单位组建而成的学院。介绍 学...
国立第一中山大学(1926年创立的综合公立大学)-百科,https://so.toutiao.com/search/jump?url=https%3A%2F%2Fwww.baike.com%2Fwiki%2F%25E5%259B%25BD%25E7%25AB%258B%25E7%25AC%25AC%25E4%25B8%2580%25E4%25B8%25AD%25E5%25B1%25B1%25E5%25A4%25A7%25E5%25AD%25A6%2F2367839%3Fquery%3D%25E4%25B8%25AD%25E5%25B1%25B1%25E5%25A4%25A7%25E5%25AD%25A6%26search_id%3D2024042616125265E1C49DAEE396DEF878%26result_type%3Dbaike_v2%26search_result_id%3D193503545883249743%26enter_from%3Dsynthesis%26baike_source%3Dtoutiao_search&aid=4916&jtoken=158141073c072192824ae1a6e4901a6ed48b3b8f1a9065b4dc1a0069102cbed2ead3a398e156864219c7cb86381219ec470bc9b91f08f16cb6f573c468a705d62ecf56323bcbd564cbf3e05a424fcc3066a4cf52764409f80c57521f8f2ed8bf4ba051725ef45d15f205450e2482d8cd8a5c82eb6e1356410a8cfb65010b526d,中山大学起初校名为国立广东大学，是孙中山先生于1924年亲手创办。是当时中国五大中央级国立中山大学之一，也是中国传播马克思主义的重要发源地之一，具有优良革命传统...
中山大学深圳校区(中山大学的组成校区（园）之一)-百科,https://so.toutiao.com/search/jump?url=https%3A%2F%2Fwww.baike.com%2Fwiki%2F%25E4%25B8%25AD%25E5%25B1%25B1%25E5%25A4%25A7%25E5%25AD%25A6%25E6%25B7%25B1%25E5%259C%25B3%25E6%25A0%25A1%25E5%258C%25BA%2F11873644%3Fquery%3D%25E4%25B8%25AD%25E5%25B1%25B1%25E5%25A4%25A7%25E5%25AD%25A6%26search_id%3D2024042616125265E1C49DAEE396DEF878%26result_type%3Dbaike_v2%26search_result_id%3D-5054116923749799885%26enter_from%3Dsynthesis%26baike_source%3Dtoutiao_search&aid=4916&jtoken=158141073c072192824ae1a6e4901a6e42860858303bb94b618699b04746b56dd6cfd45e66907e5ad303ac60d3437ff4c7f8c7b98c1c1ddaf2f405f5af1580943504b31ca96735b49e8e4a26efa859ee74b4f45517ac9a8ce511aa2192b69a9a41c23a4fe15218d1d4ad3f4876e0830953b342abbce4236667e37495df282302,中山大学深圳校区（Sun Yat-sen University Shenzhen Campus），位于深圳市光明区，是教育部直属“双一流”高校中山大学的主要组成校区之一，以医科、工科为主，拥有文...
中山大学珠海校区(国家重点综合性研究型大学)-百科,https://so.toutiao.com/search/jump?url=https%3A%2F%2Fwww.baike.com%2Fwiki%2F%25E4%25B8%25AD%25E5%25B1%25B1%25E5%25A4%25A7%25E5%25AD%25A6%25E7%258F%25A0%25E6%25B5%25B7%25E6%25A0%25A1%25E5%258C%25BA%2F1063292%3Fquery%3D%25E4%25B8%25AD%25E5%25B1%25B1%25E5%25A4%25A7%25E5%25AD%25A6%26search_id%3D2024042616125265E1C49DAEE396DEF878%26result_type%3Dbaike_v2%26search_result_id%3D-6646103011963014749%26enter_from%3Dsynthesis%26baike_source%3Dtoutiao_search&aid=4916&jtoken=158141073c072192824ae1a6e4901a6e42860858303bb94b618699b04746b56dd6cfd45e66907e5ad303ac60d3437ff4c7f8c7b98c1c1ddaf2f405f5af1580944a96567d72d0fc651fdaf3ae5f9b279ecfc9b3992f4ca39bb0830c23ff20503c29190f97f7a143e661db4dd71867dddebe65eb4864d0c810b26d8b8a397d3ec7,中山大学珠海校区（Sun Yat-sen University Zhuhai Campus）是国家重点综合性研究型大学，被誉为“南天一柱”。位于广东省珠海市唐家湾，地处珠江口西岸、南海之滨。校...
中山大学校徽(由姚友毅设计的校徽)-百科,https://so.toutiao.com/search/jump?url=https%3A%2F%2Fwww.baike.com%2Fwiki%2F%25E4%25B8%25AD%25E5%25B1%25B1%25E5%25A4%25A7%25E5%25AD%25A6%25E6%25A0%25A1%25E5%25BE%25BD%2F3818610%3Fquery%3D%25E4%25B8%25AD%25E5%25B1%25B1%25E5%25A4%25A7%25E5%25AD%25A6%26search_id%3D2024042616125265E1C49DAEE396DEF878%26result_type%3Dbaike_v2%26search_result_id%3D432097122364386175%26enter_from%3Dsynthesis%26baike_source%3Dtoutiao_search&aid=4916&jtoken=158141073c072192824ae1a6e4901a6e42860858303bb94b618699b04746b56dd6cfd45e66907e5ad303ac60d3437ff4c7f8c7b98c1c1ddaf2f405f5af1580945f0e8cb3f939d77640637f3d831274bc3ed9e16796e542eb1f6ce68742b4cc2fc8d30cbb27c3e8239a25e48eb72c4d68,中山大学校徽是中山大学的象征校徽历史 中山大学在八十多年的历史中，曾经使用过几种形式的校徽。现在的校徽于七十年校庆后开始使用，由该校艺术教育中心教师姚友毅先生...
中山大学法学院(公办高等院校)-百科,https://so.toutiao.com/search/jump?url=https%3A%2F%2Fwww.baike.com%2Fwiki%2F%25E4%25B8%25AD%25E5%25B1%25B1%25E5%25A4%25A7%25E5%25AD%25A6%25E6%25B3%2595%25E5%25AD%25A6%25E9%2599%25A2%2F894995%3Fquery%3D%25E4%25B8%25AD%25E5%25B1%25B1%25E5%25A4%25A7%25E5%25AD%25A6%26search_id%3D2024042616125265E1C49DAEE396DEF878%26result_type%3Dbaike_v2%26search_result_id%3D-194060004280876553%26enter_from%3Dsynthesis%26baike_source%3Dtoutiao_search&aid=4916&jtoken=158141073c072192824ae1a6e4901a6e42860858303bb94b618699b04746b56dd6cfd45e66907e5ad303ac60d3437ff4c7f8c7b98c1c1ddaf2f405f5af1580942fe5d321de4acebf3007b6b8eaee7eb65bf310c353554b06bbc8acfd8751af6a8786fbeb1edceb33158fec9dc8e247dea6f7b5b14c12b273dc03be5c02121f13,中山大学法学院肇始于1924年孙中山先生手创的国立广东大学法科。其历史还可上溯到1905年的广东法政学堂法律本科及其后的广东法科大学。1926年广东大学更名为中山大学，...
中山大学院系-百科,https://so.toutiao.com/search/jump?url=https%3A%2F%2Fwww.baike.com%2Fwiki%2F%25E4%25B8%25AD%25E5%25B1%25B1%25E5%25A4%25A7%25E5%25AD%25A6%25E9%2599%25A2%25E7%25B3%25BB%2F965112%3Fquery%3D%25E4%25B8%25AD%25E5%25B1%25B1%25E5%25A4%25A7%25E5%25AD%25A6%26search_id%3D2024042616125265E1C49DAEE396DEF878%26result_type%3Dbaike_v2%26search_result_id%3D6612324574921628916%26enter_from%3Dsynthesis%26baike_source%3Dtoutiao_search&aid=4916&jtoken=158141073c072192824ae1a6e4901a6e42860858303bb94b618699b04746b56dd6cfd45e66907e5ad303ac60d3437ff4c7f8c7b98c1c1ddaf2f405f5af1580945a08edb666f59dcb5eec758e6b888defebefa7ee60690662df2db73c909d4e81051a9763330ef323012284e5f652f1e1,中山大学院系，包括文科院系、理科院系两大类和若干小类。文科院系 人文科学学院 中国语言文学系历史学系、哲学系、人类学系 岭南学院 国际商务系、经济管理系、经济学...
中山大学心理学系(中山大学的系部)-百科,https://so.toutiao.com/search/jump?url=https%3A%2F%2Fwww.baike.com%2Fwiki%2F%25E4%25B8%25AD%25E5%25B1%25B1%25E5%25A4%25A7%25E5%25AD%25A6%25E5%25BF%2583%25E7%2590%2586%25E5%25AD%25A6%25E7%25B3%25BB%2F895007%3Fquery%3D%25E4%25B8%25AD%25E5%25B1%25B1%25E5%25A4%25A7%25E5%25AD%25A6%26search_id%3D2024042616125265E1C49DAEE396DEF878%26result_type%3Dbaike_v2%26search_result_id%3D4091402806595909735%26enter_from%3Dsynthesis%26baike_source%3Dtoutiao_search&aid=4916&jtoken=158141073c072192824ae1a6e4901a6e42860858303bb94b618699b04746b56dd6cfd45e66907e5ad303ac60d3437ff4c7f8c7b98c1c1ddaf2f405f5af158094924f9461e7b378456aa43611571b0a3b1258250418671fe9171078c356b71a0e0fd04fc37dc3ea10ab7309a802a7709886847107e318c70efdbb78fdf64d9299,中山大学心理学系和心理研究所于1927年8月成立并归属文史科，随后于1929年4月改属理科。首届系主任为著名心理学家、生理学家汪敬熙院士。1930年前后，随着汪敬熙教授的...
中山大学牌坊(广州中山大学的标志)-百科,https://so.toutiao.com/search/jump?url=https%3A%2F%2Fwww.baike.com%2Fwiki%2F%25E4%25B8%25AD%25E5%25B1%25B1%25E5%25A4%25A7%25E5%25AD%25A6%25E7%2589%258C%25E5%259D%258A%2F4839708%3Fquery%3D%25E4%25B8%25AD%25E5%25B1%25B1%25E5%25A4%25A7%25E5%25AD%25A6%26search_id%3D2024042616125265E1C49DAEE396DEF878%26result_type%3Dbaike_v2%26search_result_id%3D-2060634123821281803%26enter_from%3Dsynthesis%26baike_source%3Dtoutiao_search&aid=4916&jtoken=158141073c072192824ae1a6e4901a6e42860858303bb94b618699b04746b56dd6cfd45e66907e5ad303ac60d3437ff4c7f8c7b98c1c1ddaf2f405f5af15809423c45b8fb0c0d0a029912942453b7172658d77ec44aa4a74b334d00bba217e5708c58063ffa1a092aaa078383b99bb49,中山大学牌坊，简称“中大牌坊”，位于广州中大海珠校区（即南校区）北门、滨江东珠江南岸。整座门楼用钢筋三合土筑成，外饰面用花岗石砌成。前后石柱分两行，共分五门...
中山大学历史学系(1924年成立的学系)-百科,https://so.toutiao.com/search/jump?url=https%3A%2F%2Fwww.baike.com%2Fwiki%2F%25E4%25B8%25AD%25E5%25B1%25B1%25E5%25A4%25A7%25E5%25AD%25A6%25E5%258E%2586%25E5%258F%25B2%25E5%25AD%25A6%25E7%25B3%25BB%2F6316391%3Fquery%3D%25E4%25B8%25AD%25E5%25B1%25B1%25E5%25A4%25A7%25E5%25AD%25A6%26search_id%3D2024042616125265E1C49DAEE396DEF878%26result_type%3Dbaike_v2%26search_result_id%3D7812828534217680020%26enter_from%3Dsynthesis%26baike_source%3Dtoutiao_search&aid=4916&jtoken=158141073c072192824ae1a6e4901a6e42860858303bb94b618699b04746b56dd6cfd45e66907e5ad303ac60d3437ff4c7f8c7b98c1c1ddaf2f405f5af158094932a63442d972387e9020bce14f145acbdf910c23907a1d1d1d2fb90bb24d5636869efc221bb8237af8a6408e9b1a0edcdc42edd15313f4772da0d6e426731c3,中山大学历史学系成立于1924年，是中山大学最早设立的学系之一。多位中国现代史学的奠基人，如陈寅恪、傅斯年、顾颉刚、岑仲勉、梁方仲、刘节等，曾在本系任教，奠定了...
中山大学管理学院-百科,https://so.toutiao.com/search/jump?url=https%3A%2F%2Fwww.baike.com%2Fwiki%2F%25E4%25B8%25AD%25E5%25B1%25B1%25E5%25A4%25A7%25E5%25AD%25A6%25E7%25AE%25A1%25E7%2590%2586%25E5%25AD%25A6%25E9%2599%25A2%2F895001%3Fquery%3D%25E4%25B8%25AD%25E5%25B1%25B1%25E5%25A4%25A7%25E5%25AD%25A6%26search_id%3D2024042616125265E1C49DAEE396DEF878%26result_type%3Dbaike_v2%26search_result_id%3D8831187823025379678%26enter_from%3Dsynthesis%26baike_source%3Dtoutiao_search&aid=4916&jtoken=158141073c072192824ae1a6e4901a6e42860858303bb94b618699b04746b56dd6cfd45e66907e5ad303ac60d3437ff4c7f8c7b98c1c1ddaf2f405f5af1580943c5a408f746c87598d6ed733f51787bcc149a10c6b6442d48128f6df8b22687689c830375e8c4a92b5c5d0912ff0f12dbe842071c7b8625e6e714c1a25f6c177,中山大学管理学院（SunYat-senBusinessSchool）是中山大学二级学院，成立于1985年。中山大学管理学院是中国国内第二家、华南第一家同时获得AACSB、EQUIS、AMBA三项国际....
中山大学数学系(中山大学二级院系)-百科,https://so.toutiao.com/search/jump?url=https%3A%2F%2Fwww.baike.com%2Fwiki%2F%25E4%25B8%25AD%25E5%25B1%25B1%25E5%25A4%25A7%25E5%25AD%25A6%25E6%2595%25B0%25E5%25AD%25A6%25E7%25B3%25BB%2F6758988%3Fquery%3D%25E4%25B8%25AD%25E5%25B1%25B1%25E5%25A4%25A7%25E5%25AD%25A6%26search_id%3D2024042616125265E1C49DAEE396DEF878%26result_type%3Dbaike_v2%26search_result_id%3D-6887352614349241918%26enter_from%3Dsynthesis%26baike_source%3Dtoutiao_search&aid=4916&jtoken=158141073c072192824ae1a6e4901a6e42860858303bb94b618699b04746b56dd6cfd45e66907e5ad303ac60d3437ff4c7f8c7b98c1c1ddaf2f405f5af1580947ff221c4c79fee75f292bb85fefbfadf4ac8cd9e421a92eecefefb912a2db60f6dcb5086fbe6fd28204cf73907d363d1bfd031b2fa7e70fdec3347111b4eabd6,1998年，经国务院学位委员会批准，数学成为中山大学校具有博士、硕士学位授予权的一级学科。本专业现有在职专任教师共47人，其中43人拥有博士学位，约占教师总数的91%；...
中山大学化学学院-百科,https://so.toutiao.com/search/jump?url=https%3A%2F%2Fwww.baike.com%2Fwiki%2F%25E4%25B8%25AD%25E5%25B1%25B1%25E5%25A4%25A7%25E5%25AD%25A6%25E5%258C%2596%25E5%25AD%25A6%25E5%25AD%25A6%25E9%2599%25A2%2F19979804%3Fquery%3D%25E4%25B8%25AD%25E5%25B1%25B1%25E5%25A4%25A7%25E5%25AD%25A6%26search_id%3D2024042616125265E1C49DAEE396DEF878%26result_type%3Dbaike_v2%26search_result_id%3D6242255098770604603%26enter_from%3Dsynthesis%26baike_source%3Dtoutiao_search&aid=4916&jtoken=158141073c072192824ae1a6e4901a6e42860858303bb94b618699b04746b56dd6cfd45e66907e5ad303ac60d3437ff4c7f8c7b98c1c1ddaf2f405f5af1580941c3d1a517e5510af24f280bd582aa98474bf7c9f5b0630c4da010ff93daac8ec0fd487a098b967db427f55429620c2421f9057b05f0e24e366b179f2285b9cde,中山大学化学学院（School Of Chemistry Sun Yat-sen University）是中山大学二级学院。中山大学化学与化学工程学院中山大学化学学院于2016年8月16日由更名而来，...
中山大学国际关系学院(中山大学二级学院)-百科,https://so.toutiao.com/search/jump?url=https%3A%2F%2Fwww.baike.com%2Fwiki%2F%25E4%25B8%25AD%25E5%25B1%25B1%25E5%25A4%25A7%25E5%25AD%25A6%25E5%259B%25BD%25E9%2599%2585%25E5%2585%25B3%25E7%25B3%25BB%25E5%25AD%25A6%25E9%2599%25A2%2F20607993%3Fquery%3D%25E4%25B8%25AD%25E5%25B1%25B1%25E5%25A4%25A7%25E5%25AD%25A6%26search_id%3D2024042616125265E1C49DAEE396DEF878%26result_type%3Dbaike_v2%26search_result_id%3D-9032828703016951796%26enter_from%3Dsynthesis%26baike_source%3Dtoutiao_search&aid=4916&jtoken=158141073c072192824ae1a6e4901a6e42860858303bb94b618699b04746b56dd6cfd45e66907e5ad303ac60d3437ff4c7f8c7b98c1c1ddaf2f405f5af158094be384702b8cd2150745ff0815772c49e6e8ad5e7c6f61c5d785b363ad9557f6864b03e1839c9d16ba2c0886bd7505c71b56b4ee0ac540f648291001e9d7b1935f3651d85459ae67f6c4e3c4ad273745a,中山大学国际关系学院学科历史悠久。从1924年孙中山先生“手创”中大到1952年院系调整，在中大执教的先驱名家就对外交、世界局势，尤其是中国与当时世界的关系有许多深...
中山大学药学院(中山大学的院系之一)-百科,https://so.toutiao.com/search/jump?url=https%3A%2F%2Fwww.baike.com%2Fwiki%2F%25E4%25B8%25AD%25E5%25B1%25B1%25E5%25A4%25A7%25E5%25AD%25A6%25E8%258D%25AF%25E5%25AD%25A6%25E9%2599%25A2%2F621226%3Fquery%3D%25E4%25B8%25AD%25E5%25B1%25B1%25E5%25A4%25A7%25E5%25AD%25A6%26search_id%3D2024042616125265E1C49DAEE396DEF878%26result_type%3Dbaike_v2%26search_result_id%3D3028467966533161433%26enter_from%3Dsynthesis%26baike_source%3Dtoutiao_search&aid=4916&jtoken=158141073c072192824ae1a6e4901a6e42860858303bb94b618699b04746b56dd6cfd45e66907e5ad303ac60d3437ff4c7f8c7b98c1c1ddaf2f405f5af158094f2ad383b62cd57d75ec7b3e4745788852bed2e95720012210d80390449fccb7cf27ad18e84849561a6891ed9a8f58c5e65f09043b3b002bde74b423e0676f640,中山大学药学院是中山大学的院系之一，是以1995年9月成立的中山大学生命科学学院药学系为基础，整合了化学与化学工程学院以及中山医学院相关药学资源，以中山大学的综合...
中山大学获校友捐赠1亿元,https://so.toutiao.com/search/jump?url=http%3A%2F%2Fwww.toutiao.com%2Fa7358841022770119209%2F%3Fchannel%3D%26source%3Dsearch_tab&aid=4916&jtoken=e5cb68446a79ba5d6b844e3a2da048e7c4fdbdcd1e4224884143ef6f680cc49e9666f80d49b3a04f035a26dd13cb5e862c196558962a6a683afe53b077c49349,中新网广州4月17日电 (记者 许青青)中山大学今年迎来百岁华诞。17日，中山大学校友伉俪林斌、刘向东向中山大学捐赠1亿元庆祝母校百年华诞。
中山大学国家保密学院(中国第三所国家保密学院)-百科,https://so.toutiao.com/search/jump?url=https%3A%2F%2Fwww.baike.com%2Fwiki%2F%25E4%25B8%25AD%25E5%25B1%25B1%25E5%25A4%25A7%25E5%25AD%25A6%25E5%259B%25BD%25E5%25AE%25B6%25E4%25BF%259D%25E5%25AF%2586%25E5%25AD%25A6%25E9%2599%25A2%2F5084938%3Fquery%3D%25E4%25B8%25AD%25E5%25B1%25B1%25E5%25A4%25A7%25E5%25AD%25A6%26search_id%3D2024042616125265E1C49DAEE396DEF878%26result_type%3Dbaike_v2%26search_result_id%3D-7763755828369382503%26enter_from%3Dsynthesis%26baike_source%3Dtoutiao_search&aid=4916&jtoken=158141073c072192824ae1a6e4901a6e42860858303bb94b618699b04746b56dd6cfd45e66907e5ad303ac60d3437ff4c7f8c7b98c1c1ddaf2f405f5af158094458434b9fef753b84f06f03c872eae9916c69040a926a9ad33cccfc38be28abb779d93e68026ef25c9f171344358c2fe60103bcd442a78aeedeb0bf465085577935d58f195d69466263b5e2341dcca07,2010年12月25日，中山大学国家保密学院暨国家保密教育培训中心广州分基地举行揭牌仪式，中共中央保密办主任、国家保密局局长夏勇，广东省委副书记、省纪委书记、省委保...
中山大学岭南（大学）学院(经济学类院校)-百科,https://so.toutiao.com/search/jump?url=https%3A%2F%2Fwww.baike.com%2Fwiki%2F%25E4%25B8%25AD%25E5%25B1%25B1%25E5%25A4%25A7%25E5%25AD%25A6%25E5%25B2%25AD%25E5%258D%2597%25EF%25BC%2588%25E5%25A4%25A7%25E5%25AD%25A6%25EF%25BC%2589%25E5%25AD%25A6%25E9%2599%25A2%2F7829466%3Fquery%3D%25E4%25B8%25AD%25E5%25B1%25B1%25E5%25A4%25A7%25E5%25AD%25A6%26search_id%3D2024042616125265E1C49DAEE396DEF878%26result_type%3Dbaike_v2%26search_result_id%3D7803772457382420194%26enter_from%3Dsynthesis%26baike_source%3Dtoutiao_search&aid=4916&jtoken=158141073c072192824ae1a6e4901a6e42860858303bb94b618699b04746b56dd6cfd45e66907e5ad303ac60d3437ff4c7f8c7b98c1c1ddaf2f405f5af158094917572a03c9683b2ef73121b65b4151a499d1852e5e7b195a280672fe0acfe84c9253d8bee179b6d127a30fdf4e8f0867ce87b80d323e377efd57c118024e6ee7950ec40735986a4ddfafb452fb6f3870823bdb469d3ae1e233d599461a44b50,中山大学岭南（大学）学院隶属于中山大学，创立于1988年，与成立于120多年前的岭南大学有着深厚的历史渊源。2010年学院通过了AMBA和EQUIS国际认证，成为国内第二家获得A...
中山大学材料学院(中山大学的二级学院)-百科,https://so.toutiao.com/search/jump?url=https%3A%2F%2Fwww.baike.com%2Fwiki%2F%25E4%25B8%25AD%25E5%25B1%25B1%25E5%25A4%25A7%25E5%25AD%25A6%25E6%259D%2590%25E6%2596%2599%25E5%25AD%25A6%25E9%2599%25A2%2F22169304%3Fquery%3D%25E4%25B8%25AD%25E5%25B1%25B1%25E5%25A4%25A7%25E5%25AD%25A6%26search_id%3D2024042616125265E1C49DAEE396DEF878%26result_type%3Dbaike_v2%26search_result_id%3D-1092735321246468068%26enter_from%3Dsynthesis%26baike_source%3Dtoutiao_search&aid=4916&jtoken=158141073c072192824ae1a6e4901a6e42860858303bb94b618699b04746b56dd6cfd45e66907e5ad303ac60d3437ff4c7f8c7b98c1c1ddaf2f405f5af1580942427c7557e0d41f5e95a96eb9bc4f9f1dce2496a23545bcae5fe7647c92e3ce1443fccb90b4e1dabf8d6834b14f43f70a6b92ef883393d5fc82340db2b87a48b,中山大学深圳校区学院之一。2015年11月，中山大学与深圳市政府签署合作协议，市校合作通过10年左右的努力，将深圳校区建成具有中国特色、传承中山大学办学传统，具有世...
双鸭山大学(中山大学)-百科,https://so.toutiao.com/search/jump?url=https%3A%2F%2Fwww.baike.com%2Fwiki%2F%25E5%258F%258C%25E9%25B8%25AD%25E5%25B1%25B1%25E5%25A4%25A7%25E5%25AD%25A6%2F19302179%3Fquery%3D%25E4%25B8%25AD%25E5%25B1%25B1%25E5%25A4%25A7%25E5%25AD%25A6%26search_id%3D2024042616125265E1C49DAEE396DEF878%26result_type%3Dbaike_v2%26search_result_id%3D-9013329111165252998%26enter_from%3Dsynthesis%26baike_source%3Dtoutiao_search&aid=4916&jtoken=158141073c072192824ae1a6e4901a6e821aac21dc03733d602911c3741c886c55747143cf6ebaa17e207e512b7c36a8efb1c9f30cc9df458fbd76418085dc28193a7e477f8ed1366cdcc72181f28cf8de10e834e7d455ce37b596b4a250993adf891ba26ede86afafd24bae4a513c2f,双鸭山大学是指中山大学，因中山大学英文校名“Sun Yat-sen University”的谐音似“双鸭山”被一位网友翻译为“双鸭山大学”。双鸭山市，位于黑龙江省东北部，与中山大...
