标题,标题链接,来源,时间,文本
中山大学首次在香港颁发校级荣衔,https://baijiahao.baidu.com/s?id=1796988328633509066&wfr=spider&for=pc,金羊网,4天前,"羊城晚报全媒体记者陈亮，通讯员李建平、林娜报道：4月20日，今年将迎来百年华诞的中山大学在香港举办百年校庆年首场春茗。春茗仪式上，中山大学颁发了“中山大学名誉校董”“逸仙友谊奖”“逸仙杰出教育贡献奖”“逸仙教育贡献奖”等校级荣衔，授予对该校教育发展事业作出杰出贡献的校友、社会贤达和团体机构。据悉，这是该校首次在香港颁发校级荣衔。
“在学校发展的不同时期，众多有识之士、俊彦贤达，捐资出力，增拓楼宇，奖教奖学，扶危济困，从方方面面支持学校改善办学条件，推动学术发展，并与学校一道，承担起服务社会、造福人民的责任。”中山大学党委书记、中山大学教育发展基金会理事长陈春声教授在致辞中说。
为此，中山大学在迎来百年华诞之际，特设立校级捐赠荣衔，感谢各界对中山大学发展的支持，鼓励社会慈善义举。
现场授予2位名誉校董，7位人士和机构“逸仙友谊奖”，20余位人士和机构“逸仙杰出教育贡献奖”，40余位人士和机构“逸仙教育贡献奖”。
作为粤港澳大湾区最具实力的综合性大学之一，以及粤港澳高校联盟的发起单位，中山大学将此次校级荣衔授予仪式选择在香港举办。陈春声在致辞中感念霍英东、伍沾德、曾宪梓等三位爱港爱国人士对中大教育事业的关怀和厚爱。“他们多次慷慨资助中山大学的人才培养和文化体育项目。这种无私奉献的仁爱精神和对大学发展的高瞻远瞩，正是孙中山先生教育精神生生不息、代代传承的写照。”
今年，中山大学在香港设立了高等研究院，建设工作正加紧推进，将充分借助香港的区位优势，吸引全球最顶尖的学者，建设世界领先水平的实验室，为最尖端技术的研发和转化提供条件，自主培养高水平创新人才。
中国工程院院士、中山大学生命科学学院教授林浩然在春茗上介绍了中山大学香港高等研究院生物医药研发中心的发展思路：“我们将筹建进化与合成生物学基础科学中心和生物医药研发中心。两个中心将紧密围绕‘合成生物学’开展跨境协同攻关和创新。”
首场春茗现场，还举办了捐赠仪式，霍英东基金会捐赠支持霍英东体育中心修缮工程启动，中山大学深圳校友会捐赠设立首笔中山大学香港高等研究院建设基金，陈运河、刘修婉校友伉俪捐赠饶宗颐先生墨宝，谢锦鹏先生捐赠设立中山大学博物馆贵宾厅装修基金。
据中山大学教育发展基金会介绍，中山大学近期还将在青岛举办春茗和荣衔授予仪式。
举报/反馈"
成功升级!41岁“老船”变身全球技术领先科考船,https://baijiahao.baidu.com/s?id=1796924660101955724&wfr=spider&for=pc,极目新闻,5天前,"今天，我国高校首艘具备极地破冰能力的“中山大学极地”号科考船完成了改造升级，这将大幅提升我国进入极地的科研能力。

“中山大学极地”号科考船完成全面升级

总台央视记者吴天白：在浙江舟山六横岛码头，可以看到已经完成全面升级的“中山大学极地”号科考船，甲板上的科考设备都是本次新安装的，通过升级，让这艘有40多年船龄的老船从一艘补给船变成了科考船。

“中山大学极地”号科考船由中山大学投入近亿元改造。为了更好地服务于海洋和极地科学考察，它配备了先进的探测装备，不仅具备海水采集分析、磁场探测等功能，还可以深入万米海域进行科学勘探。升级后，它将成为极地科考平台，是我国极地科考装备的有力补充。

舟山中远海运重工修船管理部“中山大学极地”号总管方亮：主要是甲板加装了一些科考设备，加装了小型A架，主要是为了跟海水采集器互相配合，进行水下作业。万米地质绞车的钢缆要达到1万米以上，对我们深海潜水器收放作业提供了强有力的支持。包括软件方面的升级，驾驶台也增加了冰区雷达、C波段雷达、DP（动力定位）系统，保证在极地作业过程中精准地定位，使这艘船真正意义上具有科考的能力。

方亮告诉记者，在满足科考需求和船舶性能的前提下，“中山大学极地”号的改装升级要比新造一艘极地科考船成本节约25%左右，工期更是从2～3年缩短至半年内，可以更快投入科研任务中。

“中山大学极地”号驾驶员洪志平：工科院校有很多课题，以前苦于没有这样的船，我们拿过来升级以后，可以用来做极地科学调查。无论是高校还是一些科研单位，未来应该都会有这样的船舶升级模式。

设备更新让老船焕新生

一次升级，让41岁的老船变成了全球技术领先的极地科考船。这样的船舶设备更新在船厂多不多见呢？在修造船领域流传着一句话：“世界修船看中国，中国修船看舟山。”目前全球五分之一的修船业务都在浙江舟山，来这里升级的老船排起了长队。

今年国务院印发的《推动大规模设备更新和消费品以旧换新行动方案》，提出要支持交通运输设备更新，加快高耗能高排放老旧船舶报废更新，这也让舟山的修造船码头变得越来越忙。

总台央视记者吴天白：这是目前在船厂升级中的最大一艘船，长度接近400米，可以运载21000多个标准集装箱。这么大的一艘船在这里升级什么呢？其实就是上面这个大大的“烟囱”，也就是脱硫塔，它是现在船舶航运市场中绿色改造的主流产品。

舟山中远海运重工修船管理部总管集装箱船负责人余绍华：这艘船到目前为止已经运营了5年多的时间了，随着环境保护标准越来越严格，为了达到排放标准，必须得加装这种脱硫装置。为了减少有害气体排放，保护环境和人类的健康。

余绍华说，像这样一艘可以运载超过2万多个集装箱的运输船，每天租金在5万美元以上，时间就是金钱。为了让船舶既能满足环保标准，又能快速投入运营市场，升级安装脱硫塔就成了船东的最佳选择。哪家船厂干得快，技术好，就能接到更多订单，设备更新需求给船厂带来了新商机。

舟山中远海运重工修船管理部总管集装箱船负责人余绍华：我们规定合同周期是35天，我们厂一年基本上能够改造大概50多艘，技术越来越成熟，周期不断在压缩。锚地有船等着排队，排到2025年以后。

长长的海岸线一共停了18艘船。在其中一个码头记者看到，来这里升级的散货船并排停靠了3艘，船挨着船，工人们一天两班倒才能满足升级需求。

舟山中远海运重工有限公司副总经理龚伟兵：真忙起来的时候，我们是一条船出去，一条船马上跟着进来，在我们的外锚地有两三艘船还等着排队进厂。

设备更新更的是国产化替代

市场需求量大不仅体现在数量上，来进行设备更新的船型也是多种多样，不仅有散货船、集装箱船、油轮，用于旅行和娱乐的大型邮轮也在不断进行升级。虽然我国刚建好第一艘大型邮轮，但要说邮轮的设备更新，这家船厂已经有了10艘的经验。

正在码头进行全船设备更新的是“蓝梦之歌”号大型邮轮，总吨位4.2万吨，由德国船厂建造，最大载客量为1582人。这次进行设备更新，不仅要提升船舶的安全性和智能化，还要升级内装，让邮轮更符合当下消费者的审美。

“蓝梦之歌”号邮轮船长袁春雷：主要是对这种航行的设备进行维护和升级，尤其我们这次升级要加入北斗导航系统，使设备还有仪器更加先进，更好地确保船舶的安全性。对一些客房还有餐饮部进行升级，更能够贴近旅客的需求。有50%的部件都要换新。

袁春雷告诉记者，如今船厂为邮轮升级的能力已经属于全球领先，不仅能对船体进行改造，使用的零部件90%都已经完成了国产化替代，不仅让升级成本和时间大幅降低，还能让全国供应商能通过设备更新这条渠道走进邮轮产业链，实现双赢。

舟山中远海运重工修船管理部总管大型邮轮负责人杨超：我们现在修理（升级）邮轮，就是国产化替代，质量要求都是一样的，使用起来性价比更高。

舟山中远海运重工有限公司副总经理龚伟兵：国产化替代不仅意味着采用国内生产的设备和部件，更代表着技术上的自主创新和质量上的提升，减少对进口产品的依赖。邮轮升级业务涉及的设备更新、技术改造和智能化升级等方面，为国内供应商企业创造更多的商业机会。

龚伟兵告诉记者，如今，已经有越来越多的企业加入这个新赛道，大型邮轮的设备更新，也将撬动中国修造船行业新的百亿产值。

船厂也更新走上升级“风口”

俗话说得好“没有金刚钻，别揽瓷器活”。记者在调研采访中还发现，来这里升级改造船舶的船东不仅来自世界各地，升级的船型也不一样，这就对修船企业提出了更高的要求。

总台央视记者吴天白：在负责船舶升级和维修的机电车间，我发现了和造船厂不同的一点，那就是在这里进行升级改造的船舶零件每一个都不一样，它们来自不同船型，有德国制造的、意大利制造的，生产地也不一样。

舟山中远海运重工机电工区主任陈立：因为不同设备的尺寸是不一的，自动化流水线是针对标准件，比如说我们要满足里面70%甚至80%，这样的尺寸，我做成它的叫半自动化流水线。

陈立是这间厂房的负责人，从船厂成立，他就一直负责这里的工作。他告诉记者，刚开始船舶设备更新业务没有这么多，这间车间也只是一个小“作坊”，但随着业务需求越来越旺盛，这里慢慢发生了翻天覆地的变化。

车间一共经历了三次升级，第一次从小作坊变成了正规车间；第二次引进了部分设备来提升工作效率；现在正在进行的第三次升级，就是车间要引入数字化，变成智能车间。

舟山中远海运重工机电工区主任陈立：原先一条船的修理接近一个月，现在15天就能够维修完，水平技术在世界上也是有立足之地的。

中国船舶工业行业协会秘书长李彦庆：当前船舶工业面对的是一个新技术大规模植入应用，形成产业颠覆的一个时期，中国的修船业在全球占到60%以上的份额，所以我相信，未来船舶的更新改造会给中国修船业提供一个很好的市场机会。

最新数据显示，随着近几年需求的增加，今年第一季度，我国19家主流修造船厂完成船舶升级维修1423艘，产值总量84.32亿元人民币，多项数据再创新高。

（总台央视记者崔霞李宁吴天白刘英杰）

（来源：央视新闻客户端）

更多精彩资讯请在应用市场下载“极目新闻”客户端，未经授权请勿转载，欢迎提供新闻线索，一经采纳即付报酬。

举报/反馈"
2024年中山大学材料化工领域科技成果精准对接会成功举办,http://news.china.com.cn/mts/2024-04/26/content_1192113.htm,中国网新闻中心,今天,
中山大学在香港颁发“校级荣衔” 60余人获荣誉,https://baijiahao.baidu.com/s?id=1797103840637730538&wfr=spider&for=pc,中国新闻网,3天前,"中新网广州4月23日电 (许青青 李建平 林娜)记者23日从中山大学获悉，该校近日在香港举办百年校庆年首场春茗，并在春茗仪式上颁发了“中山大学名誉校董”“逸仙友谊奖”“逸仙杰出教育贡献奖”“逸仙教育贡献奖”等校级荣衔，授予对该校教育发展事业做出杰出贡献的校友、社会贤达和团体机构。
中山大学在香港颁发“校级荣衔”。中山大学 供图
仪式现场授予2位名誉校董，7位人士和机构“逸仙友谊奖”，20余位人士和机构“逸仙杰出教育贡献奖”，40余位人士和机构“逸仙教育贡献奖”。
中山大学党委书记、中山大学教育发展基金会理事长陈春声教授表示，在学校发展的不同时期，众多有识之士、俊彦贤达，捐资出力，增拓楼宇，奖教奖学，扶危济困，从方方面面支持学校改善办学条件，推动学术发展，并与学校一道，承担起服务社会、造福人民的责任。为此，中山大学在迎来百年华诞之际，特设立校级捐赠荣衔，感谢各界对中山大学发展的支持，鼓励社会慈善义举。
陈春声在致辞中感念霍英东、伍沾德、曾宪梓等三位爱港爱国人士对中大教育事业的关怀和厚爱。“他们多次慷慨资助中山大学的人才培养和文化体育项目。这种无私奉献的仁爱精神和对大学发展的高瞻远见，正是孙中山先生教育精神生生不息、代代传承的写照。”
据悉，今年，中山大学还在香港设立了高等研究院，建设工作正加紧推进。中国工程院院士、中山大学生命科学学院教授林浩然在春茗上介绍了中山大学香港高等研究院生物医药研发中心的发展思路。“我们将筹建进化与合成生物学基础科学中心和生物医药研发中心。两个中心将紧密围绕‘合成生物学’开展跨境协同攻关和创新。”
当日，中央政府驻港联络办副主任卢新宁，香港特区律政司首任司长梁爱诗，霍英东集团行政总裁霍震寰，中国工程院院士李焯芬，社会贤达、校友等300余人出席春茗。(完)
举报/反馈"
中山大学,https://www.gz.gov.cn/zlgz/gzly/wzgz/jyyx/content/post_9604716.html,广州市人民政府,7天前,
"两岸中大“一枝两叶”,“义结金兰”已十五载",https://baijiahao.baidu.com/s?id=1795302849508572985&wfr=spider&for=pc,羊城派,4月3日,"中山大学是孙中山先生于1924年亲手创立的高等学府，今年将迎来百年华诞，其自诞生之初便承载着深厚的历史底蕴与崇高的学术追求。
1949年后，迁往台湾的中大校友不仅在当地的经济社会与文化建设中发挥了关键作用，更为两岸的文化交流搭建起坚实的桥梁。
在台湾高雄，同样矗立着一所中山大学。1980年，台湾当局为适应当地社会对高等教育的需要，在高雄建立中山大学。台湾中山大学也以11月12日孙中山先生诞辰为校庆日，并沿用1926年8月17日国立广东大学正式更名为国立中山大学时确定的英文标准译名——“Sun Yat-sen University”。两岸中大同根同源，拥有相同的校名、校训、校庆日和几乎相同的校歌，宛如“一枝两叶”，共同诉说着中大的辉煌历史。
台湾中山大学校歌，仅将邹鲁原词前两句“白云山高，珠江水长”改为“中华文化，源远流长”，曲不变。
中大校友黄友棣于2010年离世，其身后为中山大学留下一段“69年还书记”的感人故事。抗战期间，中山大学图书馆奉命搬迁，先入云南澄江，后转入粤北坪石。黄友棣于1944年从图书馆借出《格罗夫氏音乐与音乐家辞典》一套五册。此后，他曾两次试图归还，但颠沛流离中始终未能如愿，辞典后随他辗转香港、台湾。1998年，他将辞典赠予高雄中山大学图书馆典藏。
2013年，该辞典在两校共同努力下，由高雄中山大学移交广州中山大学图书馆，终于了却黄友棣的遗愿。“这段故事，见证了校友黄友棣的完美品德和高雄、广州两地中山大学的深厚友谊。”时任广州中山大学校长助理、图书馆馆长程焕文说，当年10月，中大图书馆将杜鹃花定为馆花，恰与黄友棣名作《杜鹃花》同名。
两岸的中大在保持深厚历史渊源的同时，在学术交流与合作方面也取得了显著的成果。上世纪90年代起，广州中山大学与高雄中山大学便携手举办多届两岸中国文学学术研讨会，为两岸学者提供宝贵交流机会。2009年，两校更是签署了校际学术交流协议和学生交换协议，正式确立了“姊妹学校”。2011年，两校还携手厦门大学，共同发起了“山海论坛”，该论坛规模日益扩大，交流领域不断拓展，成为两岸学术交流的重要平台。
广州中山大学还积极搭建学术交流平台，推动两岸学术研究的深入发展。2010年，由广州中山大学与台湾高雄中山大学联合开创的“2010海峡两岸中山论坛”在广州中山大学举行，随后历届论坛，中山大学作为主要发起单位之一，都积极参与组织论坛重要的学术研讨活动。2023年，第五届海峡两岸中山论坛在广东中山市开幕，吸引了来自海峡两岸和港澳地区的各界人士参加。
在两岸交流日益密切以及2018年“惠台31条”政策出台的背景下， 台湾应届高中生向大陆高校提出入学申请的热情空前高涨，在政策出台的当年便有141名来自台湾的高中生排队等待广州中山大学的面试。
据中大招生公众号数据，目前在校的港澳台籍学生逾1500人，招生规模在同类高校中名列前茅。其中，2024年本科计划招收台湾高中毕业生30名，招生专业多达64个。
近年来，广州中山大学与港澳台高校及教育机构交流密切。在交流合作方面，广州中山大学与台湾地区的众多高校，如台湾大学、台湾清华大学等27所高校签署了合作协议，共同推进科研、学术和教育等领域的深入合作。2020年以来，中大还与东海大学、东吴大学等续签了合作谅解备忘录和交换生协议，并于2022年正式启动了本科生和研究生互派学习的项目，进一步促进了两岸高等教育的交流与合作。
文丨记者 陈亮 实习生 刘晓仪 谢欣希
图丨学校官网、官微及受访者提供
举报/反馈"
支持学校发展建设!中山大学校友林斌、刘向东伉俪向母校捐赠1亿元,https://baijiahao.baidu.com/s?id=1797208182943558212&wfr=spider&for=pc,中国青年报,前天17:34,"中国青年报客户端讯（中青报·中青网记者 林洁）近日，中山大学校友林斌、刘向东伉俪向母校捐赠1亿元。这笔捐赠作为庆祝中山大学百年校庆的生日贺礼，支持学校的发展建设。当天，中山大学校长、校友会会长高松院士代表学校授予林斌校友首位名誉校董荣衔。
捐赠签约仪式。孙雪/摄
此次，林斌、刘向东校友伉俪向中山大学捐赠的1亿元，拟用于林斌刘向东文体中心建设、设立林斌刘向东奖学金、洪淡华奖学金等项目，将为在校师生提供更好的学习工作条件。
其中，林斌刘向东文体中心拟建于中山大学南校园，初步规划面积1.2万平方米，室内将设恒温游泳池、网球场、羽毛球场和乒乓球馆，供师生锻炼放松；以林斌刘向东伉俪命名的林斌刘向东奖学金，将分期10年发放，每年激励30位品学兼优的本科生和研究生；以林斌母亲命名的洪淡华奖学金，将每年激励10位品学兼优的医科学生。
中山大学校长、校友会会长高松院士代表学校授予林斌校友首位名誉校董荣衔。孙雪/摄
“校友是学校最闪亮的名片，学校是校友最温暖的港湾。”中山大学党委书记、教育发展基金会理事长陈春声说，学校一定会将这份深情厚谊化作发展前进的不竭动力，继续开创学校与校友深度融合、多向共赢的新局面。
同为中山大学1986级校友，林斌是小米集团联合创始人、副董事长，刘向东是“林斌刘向东基金会”理事长。林斌说，希望更多校友能够支持母校建设，有钱出钱，有力出力，共同将母校建设成为全世界最好的大学。
来源：中国青年报客户端
举报/反馈"
"中山大学李善民:建议南沙适度分离管理特殊功能区与行政区,实现...",https://baijiahao.baidu.com/s?id=1797299176270888095&wfr=spider&for=pc,21世纪经济报道,21世纪经济报道,"南方财经全媒体记者陈梦璇 南沙报道

“要打造国际一流的营商环境，就要回应经营主体的突出关切，也就是关注在座的企业家们关心的问题。”4月25日，粤港澳大湾区发展工商圆桌会议第一次会议落地广州南沙，中山大学经济与管理学部主任、岭南学院院长、自贸区综合研究院理事长李善民在会上作《把握南沙粤港澳全面合作新机遇，打造更加友好的国际化营商环境》报告，并对南沙如何进一步优化营商环境建设提出了三点建议。

李善民表示，南沙区位优势独特，拥有国家战略的叠加优势、省会城市的资源优势、大湾区几何中心交通优势以及互联畅通的枢纽港和物流网络优势；在持续打造国际一流的营商环境方面，建立了高效运作的政务服务、营造了便利化的贸易环境和宽松自由的投资环境，同时打造了集聚吸引力的财税金融支持政策与面向国际的法律服务。

截至2023年6月，南沙自贸试验区累计形成884项改革创新成果，被国家、省、市复制推广409项，已成为粤港澳大湾区重要的创新策源地。根据中山大学自贸区综合研究院调研，南沙民众对南沙高质量发展的满意度比较高，尤其在“制度创新发展”方面，南沙民众的获得感最为强烈。

李善民表示，营商环境的重点在于制度创新，具体包括政务服务、贸易环境、投资环境、财税金融政策以及法律服务等方面。“要持续打造国际一流的营商环境，南沙要做得更好，就要不断地优化营商环境。”

对此，他建议，首先要推动特殊功能区管理与行政区管理适度分离，提高制度创新效能。具体而言，一方面，支持南沙探索特殊功能区管理与行政区管理适度分离，把社会治理任务交给行政区，把改革任务交给自贸片区，把经济发展任务交给《南沙方案》先行起步区。另一方面，《南沙方案》工作委员会，与自贸片区管委会、南沙新区政府在公务员（包括其他类型人员）配置上也可适度分离。

如何解决适度分离带来的员额增加？李善民认为，可以考虑通过法定机构来解决。他表示，按照这个思路，将《南沙方案》工作委员会、自贸片区管委会依法设为法定机构，既可以解决人员的问题，也能够很好地实现特殊功能区管理与行政区管理的适度分离，“通过这种调整，南沙将实现‘轻装上阵’，进一步提升利用制度创新实现高质量发展的效能。”

其次是结合《广东省第十四个五年规划》《广州市第十四个五年规划》与《南沙方案》，通过对南沙经济、社会等方面的现状分析，分解现阶段优先发展的重点任务，建设好国际航运物流枢纽、国际经济交往合作平台、国际科技创新合作平台、国际青年创业平台、跨境法律合作平台和国际教育合作平台等六大国际合作战略平台。

最后是打造对标自贸港高水平对外开放平台，全方位推进南沙区的高质量发展。李善民表示，南沙应探索选定限定区域试行封闭管理，探索部分货物进口免税政策与境外人员入区便利化机制；推进与港澳税制进一步衔接，促进大湾区市场一体化发展，同时在金融开放、数字领域、制度创新等方面加强与港澳和海南自贸港的多领域合作，推动大湾区城市群、广东—海南相向发展。

（作者：陈梦璇 编辑：李振,喻淑琴）

举报/反馈"
补助受灾学生!广东多所高校暖心发声,http://gd.people.com.cn/BIG5/n2/2024/0423/c123932-40820844.html,人民网,3天前,
中山大学百年校庆网球赛珠海站圆满收官,https://baijiahao.baidu.com/s?id=1797017301277598639&wfr=spider&for=pc,金羊网,4天前,"2024年4月21日，“华发杯”中山大学百年校庆网球赛（珠海站）在珠海市横琴国际网球中心举办。本次赛事共有10支队伍，汇聚来自广州、深圳、东莞、佛山、珠海等大湾区核心城市的校友，以及北京、上海、香港、澳门、海外的校友共百余名选手。除了中大校友外，清华、北大校友也派出代表队，共贺中大世纪华诞。
本次迎百年校庆大型赛事，由珠海市中山大学校友会主办，广州市岭德公益基金会协办。此次活动通过体育+公益方式，庆祝母校诞辰，赋予赛事更深层次的价值意义。
比赛于早上九点正式开始，运动员个个精神饱满，全身心地投入到比赛之中，最终中大深圳校友队获得冠军、中大广州校友队获得亚军、中大教工队获得季军、中大珠海校友队与中大附属医院联队并列获得优胜奖。
举报/反馈"
"跨越山海“云”端见!喀什大学携手中山大学,共同打造精品慕课",https://news.southcn.com/node_54a44f01a2/a6db47c0e3.shtml,南方新闻网,6天前,
ST中装:深圳中山大学项目多个标段项目在正常开展,https://baijiahao.baidu.com/s?id=1797214763755052780&wfr=spider&for=pc,每日经济新闻,每日经济新闻,"每经AI快讯，有投资者在投资者互动平台提问：你好，请问深圳中山大学项目多个标段项目是否有正常营收？今年公告陆续中标了多个深圳工务署项目，对公司收益预计能改善目前状态吗？

ST中装（002822.SZ）4月24日在投资者互动平台表示，深圳中山大学项目多个标段项目在正常开展，公司中标多个深圳工务署项目会对公司业绩产生积极影响。

(记者 蔡鼎)

免责声明：本文内容与数据仅供参考，不构成投资建议，使用前核实。据此操作，风险自担。

每日经济新闻

举报/反馈"
走读羊城Citywalk:探寻广州历史文化之旅,https://culture.southcn.com/node_cef89b1023/a6d11f81cd.shtml,南方网,前天16:19,
中新教育丨香港教育大学与中山大学成立“粤港澳发展研究中心”,https://baijiahao.baidu.com/s?id=1796813489545526865&wfr=spider&for=pc,中国新闻网,6天前,"中新网香港4月20日电 由香港教育大学(教大)和中山大学(中大)共建的“粤港澳发展研究中心”(研究中心)开幕仪式于19日在教大大埔校园举行，两校代表互换合作协议，并进行牌匾揭幕仪式。
“粤港澳发展研究中心”(研究中心)开幕仪式现场。香港教育大学供图
据了解，研究中心旨在打造成为集学术研究、政策研究、学术交流、研究生培养等功能于一体的联合研究平台；同时作为服务教大在内地发展的研究与交流，以及中大的粤港澳发展研究院在香港发展的支撑平台。中大的执行机构是粤港澳发展研究院，而教大的执行机构是应用政策研究及教育未来学院。双方会在教大北角教学中心及中大光明新区校区设立实体办公地点。
开幕仪式上，教大校董会副主席陈浩华致欢迎辞表示，通过与中大联合成立这个一体式的研究平台，希望促进两校的科学研究和学术交流，推进香港更好更快地融入国家发展大局，亦正好配合了香港实现由治及兴的未来发展方向。他期望研究中心成为汇聚“一国两制”智慧、专家和培养相关人才的重要平台。
中大党委书记、粤港澳发展研究院理事长陈春声表示，期待研究中心能够紧密围绕国家所需、湾区所向、两校所长，共同开展实质性高水平的学术交流和合作研究，探索致力于粤港澳大湾区建设与香港治理的高层次人才培养，使研究中心成为理论与政策研究、人才培养的跨境科研平台合作典范，为粤港澳大湾区的高质量发展和香港的繁荣稳定发挥积极的作用。
教大校长兼应用政策研究及教育未来学院院长李子建致辞时表示，研究中心将支持粤港澳大湾区作为经济发展优势地区，更好发挥高质量发展动力源作用。研究中心成立初期将以科学研究、政策研究和学术交流为主，再进一步探索研究生办学项目。(完)
举报/反馈"
广东高校“强基计划”启动报名 基础学科拔尖者可破格入围,https://baijiahao.baidu.com/s?id=1796728365875819941&wfr=spider&for=pc,广州日报,7天前,"近日，中山大学、华南理工大学分别公布了2024年“强基计划”招生简章。考生要报考两校强基计划，均须在4月30日之前登录相应网站。今年是“强基计划”推行的第五年，值得注意的是：中大今年新增破格入围条件；另外，各高校的理工医科强基专业的选考科目必选物理和化学。
中大“强基计划”今年招生专业包括物理学、化学、生物科学、基础医学等10个专业。在入围校测比例上，由去年按专业计划数的6倍变成5倍；同时，针对确认报考物理学、理论与应用力学专业的学生，数学或物理或传统高考省份的理综成绩符合要求者，可破格入围校测。
中山大学教务部招生办公室主任邹丹：特别强调的是，破格入围校测并不等于破格录取。破格入围的考生他的综合成绩的计算方式和普通考生是一样的，所有考生的综合成绩是统一排序，破格入围的考生要求他的高考成绩也必须达到本省的一本线或特控线。
今年，中山大学生物科学专业首次面向广东考生招生。对于“强基生”，学校将会提供小班教学及1对1的导师制。
中山大学生物科学与技术系副主任张勇：我们从2020级到现在已经招了四届。第一届的“强基计划”（本科）毕业生距今（共）20个同学，已经有18个直接转入了博士研究生阶段，有2位同学有SCI论文发表，3位同学参与了专利的申请，在整个本科阶段已经是很不错的。我们也希望通过这种长期连贯的培养，培养出一些深入的研究者。
今年，华工“强基计划”招生专业包括数学类、化学类、生物技术类。在高考综合改革省份要求必须选考物理和化学方可报考，其他省份则要求理科生才能报考。为畅通成长培养通道，华南理工大学探索建立本硕博衔接的培养模式。
华南理工大学招生办公室常务副主任刘艾芳：“强基计划”学生实行“3+1+X”本研衔接培养模式前三年主要是本科学习，夯实基础学科能力素养，第四年可提前进行研究生课程学习。“X”主要是指从第五年起通过学籍转段取得研究生学籍，学生去攻读硕士或博士学位，学生可以在基础学科专业进行培养，也可根据培养方案在高端芯片与软件智能科技、新材料、先进制造和国家安全等关键领域，以及国家人才紧缺的人文社科领域进行学科交叉培养。
按照报考流程，报考中大华工“强基计划”的考生，4月30日前须完成网上报名，7月初完成录取工作。而未被“强基计划”录取的考生，还可以正常参加后续高考志愿录取环节。
来源：广东广播电视台
广州日报新花城编辑：赵小满
举报/反馈"
劲嘉股份:公司与中山大学签署的《技术开发(合作)合同》已过合作期限,https://baijiahao.baidu.com/s?id=1797020545888326156&wfr=spider&for=pc,每日经济新闻,4天前,"每经AI快讯，有投资者在投资者互动平台提问：请问董秘，贵司与国内基因编辑领域领先研究机构中山大学建立深度合作，切入基因编辑技术研究及应用领域。目前进度如何？是否已经具备完全攻克癌症难题？

劲嘉股份（002191.SZ）4月22日在投资者互动平台表示，公司与中山大学签署的《技术开发（合作）合同》已过合作期限。

(记者 毕陆名)

免责声明：本文内容与数据仅供参考，不构成投资建议，使用前核实。据此操作，风险自担。

每日经济新闻

举报/反馈"
中山大学首次在香港颁发“校级荣衔”,https://news.sciencenet.cn/htmlnews/2024/4/521353.shtm,科学网,3天前,
中大华工强基计划启动 本月30日前可预报名,https://epaper.oeeee.com/ipaper/G/html/2024-04/23/content_6743.htm,南方都市报·奥一网,3天前,
"中山大学:暴雨洪涝受灾中大学子,可申请临时困难补助",https://baijiahao.baidu.com/s?id=1797010906873418176&wfr=spider&for=pc,环球时报,4天前,"本文转自【中大学工】；
近日，受持续强降雨影响， 广东北部韶关市、清远市， 广西贺州部分地区出现洪涝灾害， 有关部门正在组织抢险救援。
请同学们及时关注天气变化， 极端天气下避免外出， 提醒家人防范山洪等自然灾害， 保障自身生命和财产安全。
学校时刻牵挂着每一位中大学子， 如遇任何自然灾害导致家人生命和财产安全受到伤害， 请及时联系学院辅导员， 学校将为有需要的同学提供临时困难补助， 办理流程为：
学校统一门户——USC大学服务中心
——临时困难补助
网址链接：
https://freshman.sysu.edu.cn/knbz/#/tempDirect
（请使用Chrome等浏览器打开）
学校资助咨询电话：
020-84112084
学校资助邮箱：
xsczxj@mail.sysu.edu.cn
来源：党委学生工作部
举报/反馈"
山西省神池县赴中山大学参加忻州市文旅产业推动高质量发展专题培训,https://baijiahao.baidu.com/s?id=1796854384113992511&wfr=spider&for=pc,上游新闻,6天前,"上游新闻获悉，4月8日至4月14日，应山西省忻州市委组织部、市文化和旅游局的要求，神池县人民政府副县长崔丽娟带领县文旅局、龙泉镇相关人员和荣庄子星河里景区负责人到广州中山大学参加忻州市文旅产业高质量发展专题培训。
培训采取集中讲授和现场教学的形式，对区域康养产业发展趋势和典型案例解析、城市旅游文化的开发与管理、构建产业融合关键载体推进文化和旅游深度融合发展、旅游城市公共服务建设等方面进行了深入学习交流。
通过专业化学习，旨在加快区域文化旅游融合步伐，推动山西忻州市文旅行业全面提质增速高质量发展，尽快融入全域旅游发展大局。
在此期间，神池饼、八角小米等特产还在“君聆此忻 穗穗平安 忻州文旅走进中山大学”推荐活动中进行现场展示。神池饼成为现场嘉宾的美食，品尝好评不断；八角小米作为馈赠佳品，受到参会教授们的喜爱，神池特产让在场嘉宾学者有了深刻印象，成为第二天课堂上教授口中例证。
除了参展的月饼小米，神池县得益于华北地区海拔最高的区位优势，农产品品种丰富，品质上乘，“神池羊肉”“神池胡麻”“神池胡油”“神池莜麦”“神池黑豆”“神池黍子”等相继获得国家地标认证，“神池羊肉”被列入全国“土特产”，“高原参羊”成功入选中国“名优地方特产”。神池县也先后被命名为“中国亚麻油籽之乡”“中国北方月饼之乡”“三晋南瓜第一县”“全省有机旱作农业示范县”“国家电子商务进农村综合示范县”“全省养羊重点县”。与此同时，神池县充分依托自然资源，积极开发旅游产业，2023年打造出南山景区、荣庄子星河里景区两个2A级旅游景区，全县被评为全国“避暑旅游目的地”。
上游新闻 卢俊伟
举报/反馈"
ST中装:深圳中山大学项目多个标段项目在正常开展,https://finance.eastmoney.com/a/202404243057833632.html,东方财富网,前天19:25,
中山大学中山眼科中心《眼科学报》编辑服务项目公开招标公告,http://www.ccgp.gov.cn/cggg/zygg/gkzb/202404/t20240425_21932564.htm,中国政府采购网,昨天18:18,
战火中迁校异地育人才,https://finance.eastmoney.com/a/202404243057461772.html,东方财富网,前天03:55,
Meta布局XR教育;小度发布添添AI平板机器人,http://app.myzaker.com/news/article.php?pk=662500c8b15ec00476310439,ZAKER,5天前,
"ST中装:深圳中山大学项目标段正常开展,中标深圳工务署项目将积极...",https://baijiahao.baidu.com/s?id=1797209033897720134&wfr=spider&for=pc,金融界,金融界,"金融界4月24日消息，有投资者在互动平台向ST中装提问：你好，请问深圳中山大学项目多个标段项目是否有正常营收？今年公告陆续中标了多个深圳工务署项目，对公司收益预计能改善目前状态吗？

公司回答表示：深圳中山大学项目多个标段项目在正常开展，公司中标多个深圳工务署项目会对公司业绩产生积极影响。

本文源自：金融界AI电报

作者：公告君

举报/反馈"
"世界读书日|读书的价值和意义,是时代的永恒追问",https://news.southcn.com/node_4538da31bd/78ff11e74a.shtml,南方新闻网,3天前,
"探访「中国第一家西医院」,5分钟搞懂“快速看病”!",http://app.myzaker.com/news/article.php?m=1713891739&pk=6627db1b7f780b830b000004,ZAKER,前天00:00,
要素市场化配置推动产业结构转型,https://theory.gmw.cn/2024-04/25/content_37284732.htm,光明思想理论网,光明思想理论网,
痛别!中山大学历史学系发布讣告,https://baijiahao.baidu.com/s?id=1782866903321947632&wfr=spider&for=pc,光明网,光明网,"11月17日，中山大学历史学系发布讣告：
我国著名历史学家、中山大学历史学系退休教师林家有教授，因病于2023年11月16日下午在广州辞世，享年86岁。
讣告全文 来源：中大历史学系
林家有教授，广东廉江人，1937年10月出生，1956年加入中国共产党。
他1963年毕业于中山大学历史学系，先后在中国科学院民族研究所、中山大学历史学系工作，历任中山大学讲师、副教授、教授，博士生导师，曾兼任中山大学孙中山研究所所长、中山大学近代中国研究中心主任，广东孙中山研究会副会长、孙中山基金会副理事长等，为推进孙中山与近代中国研究做出重要贡献。
长期从事孙中山研究
林家有教授长期从事历史教学和研究，在孙中山研究及近代中国政治和思想史诸学术领域卓有建树，出版的专著有《辛亥革命运动史》《辛亥革命与民族问题》《孙中山与国共第一次合作》《孙中山振兴中华思想研究》《孙中山与中国近代化道路研究》《孙中山评传》《孙中山社会建设思想研究》《孙中山国家建设思想研究》等。
他曾参与《孙中山全集》《复兴文库》等国家重点文献编撰工作，培养和提携了一大批学术骨干和各领域优秀人才，素为学生爱戴和学界推崇。
2001年，林家有教授与德国孙中山研究专家金德曼于中山市孙中山故居纪念馆合影
讣告称，林家有教授的辞世，是中山大学和史学界的重大损失，“我们永远缅怀他”。遵照林家有教授遗愿，丧事从简，不举行遗体告别仪式。
“在中大读书的5年，
是改变我人生经历的关键时期”
林家有出生在粤西的一个农民家庭，其时家里很穷。初中毕业之际，老师建议他参加工作，但他立志要继续读书。1955年林家有初中毕业考到廉江中学读高中，1958年高中毕业考上了中山大学历史系。
“因为之前有师兄在中大历史系读书，告之这里有名的教授很多，故我第一志愿就报考中大历史系。”林家有说。
林家有6岁时母亲因天花病去世，初中时，父亲又去世，弟弟由叔叔照顾，他全靠助学金读书。
“中山大学每个月给15元，是最高的助学金，吃饭10元就够了，剩下的钱还能买点书。”林家有说，“在中大读书的5年，是改变我人生经历的关键时期，我学会了做人、做事、做学问的道理”。
“从事学术研究要有刻苦的精神
和毫不动摇的使命感”
“从事学术研究工作，要有刻苦的精神和毫不动摇的使命感。”在2021年的一次访谈中，林家有说，“没有坐冷板凳的毅力和吃苦的精神，很难在学术上有所成就。做学问同做其他工作一样，必须要有传承和拓展。我不聪明，但很刻苦，平时读书也不少，有想法就写”。
他还表示，任何人写书，都不要自我吹嘘，“不要认为自己了不起，认为老子天下第一。书写出来以后，是要让别人去评论的。论学术成就的话，要相对来讲，不要把它绝对化。一个人如果骄傲自满，不可一世，别人就不会买他的账”。
寄语青年人：
要为中华民族的伟大复兴尽力奋斗
林家有表示，孙中山在四十年革命生涯中的每一阶段，总能把中国最优秀的青年人才团结在自己的身边。他还常常应邀到高校发表演讲，对青年学生予以勉励，他提出的“非学问无以建设”“引导人群、引导社会，决不可随波逐流，毫无振作”“要做大事，不可要做大官”等论断，至今仍富启迪意义。
“青年学子要弘扬孙中山的精神，继承他的事业，要坚持振兴中华的强国理想，坚持复兴中华的伟大梦想。要继承和弘扬中华民族的优秀文化，为维护民族团结、保卫国家主权独立、促进社会繁荣富强文明进步，为中华民族的伟大复兴尽力奋斗。”林家有说。
综合中大历史学系、中山大学学报社会科学版、广州日报
来源：羊城晚报
举报/反馈"
第五届海峡两岸中山论坛中山大学分论坛在广州举行,https://news.cctv.com/2023/09/09/ARTI2YD6hANRdry9GFzeFQKB230909.shtml,央视网,2023年9月9日,
花地|一个中山大学人类学毕业生的“万幸”,https://baijiahao.baidu.com/s?id=1773381534127509654&wfr=spider&for=pc,羊城派,2023年8月5日,"文/邓伟忠
我是中山大学人类学97届的本科毕业生。尽管毕业后从事的工作与专业无关，但对人类学的感情却日渐浓烈。
社会上有关人类学专业的种种信息仍会不时触动我的神经，4月21日网上的一篇文章——《不要低估人文学科的好处》，就在我心里泛起了不小的涟漪。
与厦大“难兄难弟”
1993年8月，我有幸收到中山大学录取通知书，感觉欣喜万分。是年9月初，我满怀自豪与喜悦踏进校门。
当年的人类学系是全校规模最小的院系，本科仅有考古学和人类学（民族学方向）两个专业（轮流隔年招生）。全系本科生也就80人出头，而我们93级（23人）是学生最多的班级。
尽管是个小系，但师资力量却不弱，全系30多个教职工当中，正教授就有10多个，博导也有几个，而且拥有全国人类学专业第一个博士点。
但万幸中的“不幸”是，20世纪90年代初正值经商下海的热潮，经济、法律等专业很热门，入学之初，在跟其他院系同学接触时，我对自己读的所谓“冷门专业”，难免产生心理落差。
记得军训的时候，有一次教官喊“人类在这边（集合），昆虫在那边”，引来一阵哄笑，个别敏感同学的眼神里流露出些许无奈。
夜晚熄灯后，舍友们天南地北瞎聊，话题里少不了聊聊各自被中大录取的过程，很多时候大家都是在抱怨声中沉寂下来。
时间长了，大家才慢慢适应。当时全国仅厦门大学和中大设有人类学系，相互之间惺惺相惜，同病相怜。
不知从哪届开始，形成了双方班长写信交流的传统，这种集体交往，对于那年那年全国仅存的两个人类学系来说弥足珍贵。不曾想，随着1994年厦大人类学系被撤并到历史学系，我们与厦大人类学“难兄难弟”的交流也随之消逝了。
温暖的大学时光
当时我们上计算机课用的都是286、386电脑，学生还没有个人电脑，校外也没有网吧，没太多娱乐活动，因此同学们的日常交流颇多。
最难忘的是晚上无课时，大家结伴去附近珠影看内部片，到学校南门和东北门外的城中村看录像、打桌球、吃夜宵。
记得1996年学校文艺汇演，我是系文艺部部长，要组织60人的大合唱，但把所有能唱歌的同学召集起来却凑不够数，后来邀请了系里成人自考大专班的学生加入，才得以参与，最后获得三等奖。
其时，8个人住一单间宿舍，我们每年抽签更换一次床位。虽然生活条件和家庭背景不同，但同学们和谐相处，彼此跟兄弟姐妹一般。由于人数少，大家都比较熟悉，同学及师生之间也很亲近，感觉我们人类学系就是一个温馨的大家庭。
田野调查苦中作乐
人类学注重田野调查。我们的实习是到清远市清新县三坑镇的明联瑶族移民新村进行的，大约一个月时间。
我们分组到瑶族农户里，每天跟他们拉家常，用心交往，留心观察，以当地人的心态了解当地人。在这个过程中，大家和瑶胞们结下了深厚友谊。
当时条件很艰苦，我们住在三坑镇镇政府一栋破旧的二层小楼里，屋里连床都没有，带队老师和我们一起打地铺。
也许是年轻吧，我们苦中作乐，每天调查完毕回驻地的途中，都是一路欢声笑语，踩着金色的沙土，畅谈收获和感想，便忘却了一天的劳顿。永驻大家记忆的是：沿途的山路，白天草木苍翠，飞鸟成群；黄昏晚霞映照，满眼金黄；夜晚繁星满天，蛙虫声嚣。
最佩服我们的女队员——班里的五朵金花和朱爱东老师。每天早出晚归，从驻地到各个村寨，来回都要徒步三四个小时，调查回来时已是披星戴月。她们步伐比我们沉重，脚底都磨破了，却从不叫苦，每天都坚持不懈，真是巾帼不让须眉。
当地经济条件差，有很多留守儿童，甚至还有不少失学儿童。作为农村来的贫困生，我对当地的很多情形都很熟悉，感觉非常亲近。
感激与阅历同增长
毕业时，由于社会形势和专业限制，大家找工作都比较困难，找对口的文博系统单位更难。结果，班里仅陆文东同学一人从事了本专业工作。
陆同学回到广西老家文博单位，凭借深厚的专业功底加上自身奋发进取，如今已成为广西壮族自治区博物馆副馆长。
人类学研究强调整体观，把社会或文化当作一个整体来研究，这让我学会了考虑问题要全面，不能偏颇。人类学注重文化相对论，要求研究者客观地看待被研究的对象，从被研究者的角度来看待被研究者的文化。
经过人类学专业训练，我在工作和生活当中，能够经常换位思考，与身边人和谐共处。人类学要求跨文化领域作对比，让我明白不同的地区、族群甚至家庭之间都有差异性，避免以异样眼光看人。
参加工作的头几年，我总觉得所学无以致用，难免对人类学产生抱怨。但多年后回过头来，我慢慢发现，做人比单纯做事重要得多。做事的成功与否往往取决于做人。
随着阅历的增加，对人类学专业，曾经的抱怨早已消失，感激与庆幸之情在不断增加……
悠悠母校情
毕业后，部分同学天各一方。
2007年，我们班毕业十周年聚会，23个人的班级，除去联系不上和有事脱不开身的，最后17个同学相聚康乐园马丁堂。
当时本来有去大学城东校区参观的计划，由于大家对中大校本部的一草一木流连忘返，对老师满怀眷恋，因而两天的活动都在南校区进行。
2012年毕业十五周年聚会，也主要在南校区活动。为表达对在外省工作的同学的心意，这两次活动都由身在广东的同学自愿出资分担了费用，事情虽小但体现了同学情深。
去年我们班自发为系里捐款，同学们在经济不太宽裕的情况下，短时间内竟筹集了20万元，铸造了两座铜像（分别是杨成志教授和梁钊滔教授），在中大90周年庆典之际为母校母系献上了一份薄礼。
人类学的愿景
在我看来，心理学研究的对象是你和你们；社会学研究的对象是他和他们；人类学要求研究者必须从被研究者的角度去理解当地文化，即以我们的角色来研究我们。
人类学带给我们丰富的隐性收获，如细水长流、润物无声。这在多年后的工作及生活当中，我才逐渐体会到。
就我们班同学来说，虽然大家没有大富大贵，生活也很平淡，但大家都很努力、很敬业，都在各自平凡的岗位上做出了一些成绩。这正应了中山先生的教诲：“学生要立志做大事，不可做大官。”
在经济转轨、社会转型的新常态下，以人为本、与人为善已经成为共识。如何调适自我，更好地服务社会、发展自我，尽可能发挥出最大的正能量，需要每个人的努力。
人们的目光开始聚焦到我们自身，人类学能够帮助我们更好地了解自己、做好自己，我觉得，也许人类学的春天已经到来。
进入中大人类学系，也许不能令你荣耀加身、激动万分，但必将带给你内心的平静和人生的充盈。你若安好，便是晴天。衷心希望后来者，在人类学的春天里绽放出更加绚丽多姿的花朵。
后记
我出生在海南省儋州市的山区农村。大学毕业后，最初在广州某职业高中任教一年，接着到佛山某企业任职两年，后来回到母校附近从事教育培训工作。
1997年年底，我刚参加工作不久，系团支书骆腾老师就建议我写一篇工作感言，我却一直没有完成。如今总算是弥补了当初留下的缺憾吧。
贾云祥同学向我提供了很多想法和修改建议，在此表示感谢。
(更多新闻资讯，请关注羊城派 pai.ycwb.com)
来源 | 羊城晚报·羊城派
责编 | 易芝娜
校对 | 黎松青
举报/反馈"
中山大学录取分数遭吐槽!595分也能入学?是太照顾广东考生了吗?,https://learning.sohu.com/a/704211435_239689,搜狐网,2023年7月19日,
中山大学今年招本科生7730人 随录取通知书赠“年份拼图小砖”,https://baijiahao.baidu.com/s?id=1769412001931130529&wfr=spider&for=pc,中国青年报,中国青年报,"中国青年报客户端讯（许诺 中青报·中青网记者 林洁）近日，中山大学举行2023年本科招生校园开放日活动。来自全国各地的众多考生和家长齐聚中山大学康乐园，了解本科招生的相关资讯，与院系师生面对面交流，领略百年中大风光。
院系老师为来访考生答疑解惑。许诺/摄
2023年，中山大学面向全国招收全日制普通本科生7730人、华侨港澳台学生500人。入校途径除了高考普通录取，还有强基计划、综合评价、面向农村和脱贫地区的国家专项、高校专项等。
在当天举行的招生信息发布会上，中山大学招生办公室主任荐志强说，今年实行“零调剂、认加分、无极差、不退档”的普通本科批招生政策，鼓励考生结合自身兴趣与实际情况尽量填报满专业组志愿并勾选服从调剂，承诺在此情况下政审和体检合格的考生进档不退。中山大学副校长刘济科介绍了该校人才培养特色和近年教育教学改革成果。
随后，50多个院系的优秀师生代表讲述他们的“中大故事”，分享自身经验体会，介绍专业特色与学科前沿，帮助考生找寻“心之所向”，探索“大学之道”。优秀学生代表卢颖琪鼓励学弟学妹们，在面对自己热爱的专业时更加勇敢。她提到，当初报考医学专业曾被家人以“学医太累”的理由反对，但当自己真正开始专业学习，发现沉浸在所爱之事时并不感到疲倦。
录取通知书上，刻有“中大+年份”字样的“年份拼图小砖”。中山大学供图
中山大学各职能部门和60多个院系在现场设置专业咨询台，为考生家长提供有关专业、政策的答疑服务。同时，来自全国的41所兄弟院校也一同摆台参展。
此外，中山大学南校园设置了宝藏打卡点：马克龙总统来访时走过的逸仙路、庄严巍峨的中大校训墙、人文气息浓厚的中山大学博物馆，都吸引了众多考生家长前来参观，跟着打卡路线漫步美丽校园。“中大美食节”、校园文化集市等活动让来访考生和家长在品尝、观赏、互动中“沉浸式”体验中大校园生活。
中山大学本科录取通知书。许诺/摄
开放日上，中山大学提前“剧透”了2023年本科录取通知书。录取通知书套装以金榜题名状元红为整体色调，广州市花木棉花纹隐隐浮现于盒上。今年的录取通知书礼盒中，8000多名新生将随机获得不同颜色、从1924到2024不同年份的一块“年份拼图小砖”。学生在9月带着专属于自己独一无二的“小砖”来到中山大学南校园，将它贴在孙中山纪念馆的展架上，共同拼出一幅怀士堂的全景，寓意为百年中大“添砖加瓦”。
来源：中国青年报客户端
举报/反馈"
中山大学深圳校区:粤港澳大湾区 “双一流”建设新高地,https://baijiahao.baidu.com/s?id=1769288690464452924&wfr=spider&for=pc,北青网,2023年6月21日,"　　84年前的1939年2月，抗日烽火燃到华南，中山大学西迁云南澄江抚仙湖畔办学一年半，留下与云南不断的情缘。新时代以来，中大在云南接续开展多个项目的指导合作，尤其是帮扶凤庆以来，创造了中山七院医疗帮扶的“凤庆模式”，让一个边陲贫困县医院成为全省发展典范。

　　2023年6月，中山大学深圳校区一期全面建成之际，本报记者应邀与中央、广东当地主流媒体参加媒体开放日活动。走进光明校区，感受一流城市孕育一流大学、一流大学成就一流城市的生动实践。

　　两家附属医院，17个整建制学院，129万平方米的校舍建筑，5000亩占地，11000多名师生……一个人才培养体系完整、传承中山大学优良办学传统的现代化校园屹立在中国特色社会主义先行示范区深圳。即将迎来百年的“双一流”高校中山大学与中国最年轻最具有活力的城市之一深圳携手，在粤港澳大湾区，续写出高质量发展的新篇章。

中大担当深圳速度

　　清晨的第一缕阳光从相山上升起，照耀着深圳校区恢弘的建筑群，蓝色穹顶的图书馆与绿瓦红墙公共教学楼、实验楼、报告厅依山而建……

　　2015年12月，教育部正式批复同意中山大学建设深圳校区。

　　随后几年，中山大学深圳校区的新医科、新工科学院陆续成立，广纳人才、开始招生，在广州校区东校园过渡办学。到2020年搬迁的时候，一些学院已经形成可观的办学规模及较强的学科竞争力。

　　一边推进建设一边办学育人，一路高歌猛进，深圳经济特区时不我待、敢为人先的风格，与中山大学服务国家战略和粤港澳大湾区发展的责任感，在这所校区的建设中体现得淋漓尽致。

　　深圳，蓬勃发展的经济创造了中国奇迹，但教育和医疗水平与体量尚不匹配；彼时的中山大学已经汇聚了广州和珠海两个校区，但不满足做“岭南第一”，而是锚向国内高校第一方阵、世界一流大学前列。

　　作为创新中心、改革开放最前沿，未来的深圳一定会诞生若干所屹立于世界一流大学之林的大学，而中山大学一定是责无旁贷。一场双向奔赴就此展开。

　　2018年6月12日，中山大学深圳校区建设工程正式启动。“清晨六点左右，工地上的建设者和各种施工设备和车辆又开始工作，一万多人的施工现场，车水马龙，现场很壮观，到了晚上，林立的施工塔吊仍然没有停下节奏，吊臂上的照明灯像空中挥舞的荧光棒，很漂亮！”中山大学基建处处长罗愈业回想起建设过程中的一幕幕。“每天都不一样，每天都有新的希望。”

　　深圳市委市政府大力投入校区建设，实行的是“交钥匙工程”，教学、科研、生活条件均按照国内高校顶尖水平建设：

　　——一期建成包括教学楼8栋，公共课室298间，其中超85%是智慧课室；

　　——一期建成公共实验教学平台5个，本科教学实验室75个，购置设备3.3万台套，为学生科研实践提供优良环境；

　　——图书馆国内顶尖水平，体育馆按照国内单项甲级赛事场馆标准设计，剧院按照甲级剧院的标准设计；

　　——生活配套完备，学生宿舍14栋，达到本科生四人间、研究生两人间、博士生单人间的标准；

　　——一期建成教师人才公寓11栋，两公里内有中山大学附属第七医院、附属中小学及幼儿园，满足学生安心学习、教职工安居乐业的需求。

　　……

　　优质的硬件设施，为中山大学深圳校区的腾飞奠定了良好的基础。2021年9月，深圳校区所有院系全部入驻。2023年6月，中山大学深圳校区一期全面建设完成。

粤港澳大湾区的“追梦人”

　　“回国初期，朋友来看我，开玩笑说，明明条件这么艰苦，但你们所有人每天还这么亢奋，一副坚信自己能成功的样子，我简直怀疑你是进了传销组织。”中山大学医学院副院长、附属第七医院副院长潘逸航教授，感受到了中大和深圳的热情和潜力，2017年3月，从美国回来加入到了筚路蓝缕的拓荒阶段。

　　潘逸航回忆：“附属第七医院的临时办公区是光明区招商局的一座陈旧三层小楼，几个人挤一张办公桌，办公室里经常挂着‘倒计时x天’的条幅，为了加快筹备进度，大家每个人都跟打了鸡血一样亢奋。”

　　全新建立的学院，要有高标准学科人才相匹配，像潘逸航这样汇聚到中山大学深圳校区的专任教师目前已有547人、研究人员166人，这些人才都是从何而来？

　　一部分是中山大学原有的优秀教师、学科精英，前来支援。大部分则是通过海内外人才招聘的增量。深圳校区聚焦前沿科技与未来产业、“卡脖子”技术领域，引进汇聚了包括两名院士在内的相关学科高精尖人才。

　　为何选择中山大学深圳校区？归国学者、引进人才纷纷“抢滩”的答案或许是干事创业的平台、发展的潜力。

　　电子与通信工程学院陈曾平教授从国防科技大学引进而来，团队与华为庄宏成团队合作，牵头完成的“以用户为中心的智能无线网络关键技术及应用”项目实现规模商用，带来了巨大经济和社会效益，获广东省科技进步奖一等奖。

　　“学校赋予了我最佳的平台和保障，使我们能够全身心地投入到人才引进、人才培养、平台建设以及‘卡脖子’问题的解决中，迅速建立起一支能打硬仗的科研队伍。”中山大学材料学院教授高平奇来自中科院，受命组建可持续光伏技术研究团队，目前已产学研融合产出了一系列成果。

　　6月中旬在中山大学深圳校区举办的全球青年学者深圳论坛已经是连续第五届。五年来，累计邀请3000余名国内外青年学者参加，吸引了一大批高端人才加盟深圳校区，加盟粤港澳大湾区。

医科优势更强工科后来居上

　　中山大学深圳校区学科规划方向主要是新工科、新医科、新农科，聚焦国家战略新兴科技，聚焦深圳创新发展战略和未来产业规划。

　　“这是目前国内最先进的人体生理实验系统，基于AI人工智能自动采集基础信息，呈现虚实联动的生理指标，更直观方便进行教学。”中山大学医学院实验室，谭红梅教授介绍。

　　在中山大学医学院，基础与临床医学教学实验室设备总值超过1.8亿元，除配备医学院常规系列实验室外，还拥有一系列国内医学院罕见的教学设备，如达芬奇机器人手术模拟训练系统、成人和婴儿ECMO和体外循环（人工心肺）训练系统等，为学生临床技能培训提供一流的条件。医学院还实行了“临床+基础”双班主任制，让基础走进临床，临床走进课堂。医学院还主动布局前沿及新兴交叉学科领域，与深圳校区医科和工科学院深入合作，积极推动“医工信融合”平台建设，发展海洋医学学科。

　　几年间全新建设的新工科，已经形成了新的工科人才培养模式和文化。

　　“我们开展持续3学期的综合训练，用任务牵引串联不同专业课程，做出小火箭、小卫星、小无人机等，每个人在小组里扮演的角色还会轮换，体验一个航空航天领域项目组里不同的角色如总工、设计师等，动手和科研的能力得到提升。”中山大学航空航天学院2019级本科生席光东说。

　　推开深圳校区的数百个工科实验室的一扇扇门，时时都在上演精彩纷呈的创新创造：在航院，学生自主研制的微纳卫星将在百年校庆时上空；在智能工程学院挑高的无人机创新实验室，学生们自主研发的无人机、自动驾驶和机器人都取得了突破；在生物医学工程学院，学生在老师团队医工融合的产品已走向市场……

　　在深圳校区，中山大学还复办了农学，服务中国式农业现代化。

　　中山大学目前11个学科入选教育部“双一流”建设名单中，8个学科在深圳校区办学。传统优势的一流学科在深圳校区形成了新的学科增长点，部分已形成规模，具备承担重大任务的能力；有一定办学历史的学科保持良好的发展势头，开始展现冲击新一轮“双一流”学科的潜力；新建学科积极对接国家重大战略需求，与地方经济社会发展紧密结合，体现了积极的发展态势。

扎根中国大地奋进“世界一流”

　　南海之滨，东方风来;鲲鹏击浪，万里无垠。中山大学深圳校区扎根中国大地，服务深圳市“双区驱动”发展战略，成为支撑引领深圳经济社会发展，辐射港澳及亚太地区的高层次创新中心和传承中山大学光荣办学传统的人才培养重要基地。

　　中山大学深圳校区的学科布局，全链条、全覆盖对接深圳“20+8”产业集群规划。科技支撑深圳高质量发展取得初步成绩。各个院系已为深圳市企业开展科技服务333项，服务深圳市企业213家，立项总经费4.42亿元，成果转化81件落地深圳，占学校成果转化的22.3%。近年累计获得深圳市科技计划项目立项329个，合同金额3亿元，其中含10个重点重大项目。

　　截至2023年6月，深圳校区毕业生6200余人，近八成就业的毕业生前往临床医学、公共卫生、人工智能等国家重点行业和领域工作，就业的毕业生中超八成服务于粤港澳大湾区发展。留深人数逐年增加，为服务深圳和粤港澳大湾区奠定了良好的基础。

　　中国科学院院士，中山大学校长高松表示，学校将积极推动二期建设纳入光明科学城发展规划，加强在“未来技术”领域布局，加快建设智能制造、新材料与新能源、生物医学、柔性电子等新兴工科，同时考虑布局一个人文科学研究院，进一步优化提升校区通识教育水平和人文底蕴。

　　百年中大，枝繁叶茂。中山大学深圳校区正迈入“双一流”建设新阶段，全速启动创新引擎，斗志昂扬地在建设中国特色世界一流大学的路上保持领跑姿态。

　　云南网记者王永刚王毅

责任编辑:李亭亭
举报/反馈"
【学思想 强党性 重实践 建新功】中山大学扎实推进主题教育 提升...,https://news.cctv.com/2023/06/14/ARTIv98osOFNJsDAEzdPmSBz230614.shtml,央视网,2023年6月14日,
"中山大学公布2023招生专业,4个单设,大一都在本部,转专业机会多...",https://learning.sohu.com/a/677919441_121123813,搜狐网,2023年5月22日,
"中山大学深圳校区一期建设完成,“双一流”建设迈入新阶段",https://www.thepaper.cn/newsDetail_forward_23550195?commTag=true,澎湃新闻,2023年6月20日,
"世纪中大,山高水长!中大100周年校庆年启动",https://news.ycwb.com/2023-11/13/content_52323275.htm,金羊网,2023年11月13日,
一门10位“中大人”!中大首封录取通知书颁给她,https://baijiahao.baidu.com/s?id=1771563334335660979&wfr=spider&for=pc,大洋网,大洋网,"7月16日，中山大学全国首封录取通知书颁发仪式在广东实验中学（简称省实）高中部举行。省实高三考生陈麒羽收到了中山大学首封录取通知书，即将入读中大基础医学强基计划。她也就此成为家族中第10位“中大人”。

省实学子获得中大首封录取通知书

成家族中第10位“中大人”

陈麒羽是省实南山班的学子，这次高考中，她获得了669分的成绩。活动上，她从中大常务副校长、中大附属第一医院院长肖海鹏和中大中山医学院党委书记、教授、广州招生组组长张琪手中接到了自己的录取通知书。这也意味着，她成为家族中第十位“中大人”。

“我从小生活在一个四代同堂的大家庭，家族里有9位中大前辈，现在在各行各业发光发热，他们一直是我仰慕和学习的榜样。幼时去参加他们的毕业典礼，在 ‘国立中山大学’的牌坊前，在马丁堂前的绿茵上，穿着学士袍的毕业生风采都在我心里留下了深刻的印象。”陈麒羽说。

为此，当高三填报志愿的时候，陈麒羽毫不犹豫地选择了中山医学院的基础医学。

陈麒羽表示，基础医学是一门主要研究人体健康与疾病的本质及其规律的学科，在她看来，这门学科就是医药事业发展的探路者。“今天，中山大学这份珍贵的录取通知书，也是我站在新的起跑线上奋勇拼搏的志愿书。”

叔叔希望“小师妹”在中大找到另一半

带回家族第11位“中大人”

陈麒羽告诉记者，小时候，她还不知道“大学”是什么，却已经知道“中山大学”的存在。“长在太爷爷太奶奶膝下的我，总能见到许多来探望二老的姑婆、表姑、表叔，听他们聊天时，常常会听到这个名字。虽然年少，但是从家里长辈欣慰的神情和夸赞的语气中，我仍然能拼凑出一个模糊的形象——中山大学是个好地方而且那里的人都很厉害。”

生在一个具有凝聚力的大家族里，逢年过节家人都会聚餐。聚餐时，有一个多年的 “保留项目”，就是中大校友一起敬陈麒羽的太爷爷一杯。“这个家族传统从我记事起就有，小时候只觉得十分的新奇。太爷爷看着年复一年，举杯的人数一点点增加，笑得合不拢嘴。这种时刻，他总是用带着罗定乡音的粤语一遍又一遍地叮嘱我和弟弟妹妹们 ‘要勤力读书啊。长大后，我才渐渐明白了，这一杯酒里藏着太爷爷的话， ‘我们家以你们中大校友为荣’。”

首封录取通知书活动现场，陈麒羽家族中的6位“中大人”也来到了活动现场。中山大学校友会秘书长黄瑞敏为陈麒羽家族中的“中大人”送上了一份神秘礼物——他们当年入学时的学籍表复印件。

陈麒羽的叔叔陈庆生还作为家属代表上台致辞。“我是省实1992届的学生，1996年毕业于中山大学，也是陈麒羽同学的叔叔。今天站在这里，是无比的开心、自豪，也非常的激动！”陈庆生说。

“小时候你就立志要成为中大的一员，因为你说要和大家庭中九位已经从中大毕业的学长学姐一起举杯喝酒！今天你也终于得偿所愿，成为家庭中第十名的中大小师妹。”陈庆生说，“我们大家庭中的每一位都由衷地替你高兴，也由衷地祝福你，祝你在中大学习顺利、生活精彩！其实也想对你提个小建议，如果合适的话，必须在中大找到你的另一半，那我们家第十一名中大学生很快就可以出现啦！”

近十年有将近1200名省实学子考上中大

活动上，肖海鹏致辞时说，陈麒羽同学生长在一门十秀的“中大”家庭中，从小树立“学在中大，追求卓越”的目标。志愿填报时，她选择了中山大学的强基计划，并在层层选拔中脱颖而出，充分证明了陈麒羽同学的信念之坚定，能力之卓越，这是她通过自身努力获得优异成绩，更是广东实验中学人才培养结出的丰硕成果。肖海鹏说，广东实验中学是中山大学的优质生源基地，是全国向中大输送优质生源最多的高中之一。近十年，有将近1200名省实学子考上中大。更重要的是，省实与中大有着深厚的历史渊源，其前身之一为中大附中。

省实校长全汉炎说，中山大学2023年首封录取通知书花落省实，这既是两所学校长期密切合作的缩影，也是两校共同致力于培养拔尖创新人才、服务国家战略需求的生动写照。他希望省实与中大能延续百年的缘分，协同探索高等教育与基础教育的有效衔接路径，共同推进为国育才事业。希望未来有更多省实学子加入优秀高校的强基计划，争做国家拔尖创新人才。

一门10位“中大人”

陈麒羽是陈家太爷爷的长子长孙的女儿，下面以她的称呼罗列一下家族中大关系列表：

1、八姑爷爷（陈家八女儿的丈夫）陈卓权，1977年末高考，1978年入校，1982年1月毕业于中大地理系经济地理（城乡规划）专业，其子陈珑和儿媳周慧欢，分别于2008年毕业于中大地理科学与规划学系和2006年毕业于历史学系。

2、叔叔陈庆生1996年毕业于中大地球与环境科学学院，城市规划系，经济地理与城乡区域规划专业；婶婶古诗韵1996年毕业于中大地球与环境科学学院，城市规划系，经济地理与城乡区域规划，2013年获得中大旅游管理博士学位。

3、三姑婆的女儿张瑱1998年毕业于中山大学地球与环境科学学院，城市规划系，经济地理与城乡区域规划专业。

4、六姑婆的女儿麦倩茹2003年毕业于中大生命科学学院环境科学专业，后赴美国莱斯大学获得硕士学位。

5、七姑婆的女儿吴欣2007年毕业于中大会计学系，其丈夫李嘉韵同年毕业于中大金融学系。

6、陈麒羽，2023年考上中山大学基础医学强基计划。

文/广州日报·新花城记者林霞虹 实习生汪圆圆

图/广州日报·新花城记者廖雪明

举报/反馈"
一门三代十人延续中大情缘!2023年中大首封录取通知书送给了她,https://news.ycwb.com/2023-07/16/content_52077789.htm,金羊网,2023年7月16日,
中大:在粤拟招约3700名本科生,https://baijiahao.baidu.com/s?id=1769090414057758832&wfr=spider&for=pc,光明网,光明网,"18日，中大本科招生校园开放日活动举行 羊城晚报记者 梁喻 林桂炎 摄
羊城晚报讯记者陈亮、通讯员张洁报道：18日，中山大学2023年本科招生校园开放日活动在该校广州校区南校园举行，这是疫情以来首次恢复该活动。
据悉，2023年，中大拟在内地招收全日制普通本科生7730人、拟招华侨港澳台学生500人，招生规模跟往年相比保持稳定。其中，在广东招生约3700人。入校途径除了高考普通录取，还有强基计划、综合评价、面向农村和脱贫地区的国家专项、高校专项等。
中大在全国普通本科批的招生政策是“零调剂、认加分、无级差、不退档”，即报满不重复的专业志愿不会调剂到未报考的志愿、认可考生政策性加分、专业录取无级差、政审和体检合格且报满专业志愿或服从调剂则不退档，最大限度满足考生专业志愿。
今年中大继续实施按院系专业（类）招生，原则上一个院系按一个专业（类）招生，个别院系因为专业的属性按多个招生专业。学生被录取时即确定了被录取的院系，根据院系的培养方案确定主修专业。
中大副校长刘济科介绍称，今年中大招生计划有三大变化：一是在去年已经给广东省增加5个计划的基础上，今年又增加了20个计划，两年连续增加25个；二是今年在广东还增加综评招生数量，由495人增加到620人；三是今年按院系专业招生，专业更纯粹，如纯计算机、纯电子、纯临床等，专业组的分组更加符合社会期待。
今年的招生录取依然采取高考出分前确认、出分后校测的模式。考生需要在6月10日至20日期间在报名系统签订承诺书确认参加校考。
作者：陈亮
来源：羊城晚报
举报/反馈"
"中大在广东新增20个本科招生计划,新生先在广州南校园集中大类培养",https://baijiahao.baidu.com/s?id=1769050735546935452&wfr=spider&for=pc,广州日报,广州日报,"宝藏打卡、美食飘香、招生政策咨询……6月18日，中山大学2023年本科招生校园开放日活动在该校广州校区南校园举行。来自全国各地的众多考生和家长齐聚康乐园，了解本科招生的相关资讯。记者从活动上获悉，中大今年在广东的本科招生计划比去年新增20个。同时，今年中大按院系专业招生，专业更纯粹，专业组分组更符合社会期待。
今年比去年多给广东增加20个计划，专业组分组更符合社会期待
中山大学副校长刘济科在2023年本科招生信息发布会上为考生介绍中大最新办学成果和人才培养特色。2023年，中大面向内地招收全日制普通本科生7730人，华侨港澳台学生500人，其中，在广东招生约3700人，招生规模跟往年相比保持稳定。刘济科表示，今年中大承诺“零调剂、认加分、无级差、不退档”的政策。他透露，今年中大的招生计划有三大变化：第一，在去年已经给广东省增加5个计划的基础上，又增加了20个计划，两年连续增值已达25个；第二，今年中大增加了在广东的综评招生数量，由495人增加到620人；第三，今年中大按院系专业招生，专业更纯粹，如纯计算机、纯电子、纯临床等。同时，专业组的分组更加符合社会期待。
中山大学教务部招生办公室主任荐志强为考生和家长解读了中大最新招生政策，并对考生高考志愿填报进行了详细指导。↓
01:03
中大今年招生有何变化？
00:53
今年怎么报中大？招办主任指点志愿填报策略。
转专业接收计划比例提高到30%
刘济科表示，中大全面落实“以学生成长为中心”的人才培养理念，采取了一系列教育教学改革新举措，坚持通识教育与专业教育相融合，努力培养具有学习力、思想力、行动力的能够引领未来的拔尖创新人才。
他表示，中大将增加学生跨学科学习机会。中大所有大一新生在广州校区南校园集中大类培养，加强共同基础课程建设；建设若干交叉专业，先后设立“土木、水利与海洋工程”“遥感科学与技术”“政治学、经济学与哲学（PPE）”“整合科学”等交叉专业，还计划新设“外国语言与外国历史”“数据科学与大数据技术”“人工智能、心理学和逻辑学（APL）”等交叉专业；实施微专业、辅修专业、辅修学士学位三级辅修制度；推动接收转专业院系实现“全覆盖”，实施“零门槛”转专业制度，除了招生简章上有明确限制外，所有学生的转出不受限制，接收计划比例提高到30%，赋予学生更多的学习自主权，培养学生跨学科的视野和思维。
同时，拓展国际化学习机会。中大与全球40多个国家和地区、290多所院校签署了合作协议，拓展联合培养，拓宽交流交换。
中大还推动研究学习。坚持科教融汇、产教融合，强化以“兴趣”为导向，开展“自我驱动”的学习。鼓励本科生早进课题、早进实验室、早进科研团队，强化学生实践创新能力培养。国家、省部以及学校的各类科研平台，包括国家高端智库、天琴中心、海洋综合科考实习船、极地破冰多用途船、精准医学科学中心、国家超级计算中心等，都将为学生提供丰富多样的创新空间。中山大学还将先进的行业产业技术引入教学，近五年，中大共获教育部立项建设产学合作协同育人项目89项。
此外，中大还推进本研贯通学习。刘济科介绍，中大发展“跨本研”选课系统，推动构建本研一体化课程体系，积极试点荣誉学位项目，推动本研贯通学习，放手让学有余力的学生“自主学习”，让优秀的学生“更加优秀”。
开放日活动活动精彩纷呈
开放日吸引了众多考生和家长。他们中，除了有高考考生和家长外，还有慕名前来的许多中小学生家长。家长范女士带着上小学的女儿和上幼儿园的儿子也来到康乐园。“带孩子来感受一下，熏陶熏陶，从小立志。”范女士说。
在怀士堂，中大五十多个院系的优秀师生代表讲述他们的“中大故事”，在分享自身经验体会的同时，介绍专业特色与学科前沿，帮助考生找寻“心之所向”。此外，合唱团、钢琴社等七个社团呈现了精彩的展演。
逸仙路上的招生咨询展台更是琳琅满目。中大教务部、党委学生工作部、团委等职能部门和60多个院系的专业咨询台一齐亮相，为考生家长提供有关专业、政策的答疑服务。许多考生来到自己心仪专业的展台前咨询提问，现场的老师同学耐心解答，提供专业的介绍与详尽的指导。同时，来自全国的41所兄弟院校也一同在现场摆台参展。
中大还在校园内设置了宝藏打卡点，多角度展现校园魅力。逸仙路、校训墙、博物馆，吸引了众多考生家长前来参观。
开放日的另一个亮点则是“中大美食节”。永芳堂广场飘香四溢，各大食堂推出力作，共同奉上具有中大特色的美食，为来访者提供视觉与味蕾的双重美妙体验。香喷喷的中大博士饼，独占鳌头小龙虾......一份份香气四溢的小吃，让来客们享受“食在中大”的快乐。
校园文化集市是中大一张靓丽的名片。在黑石屋前，书画协会的才子为考生家长题写“金榜题名”的祝福语，送上一份最真挚的中大祝福。中大出版社、文创店、生物博物馆与话剧社、书画社等多个社团也齐聚马丁堂前，共同展示精美的文创产品，呈现多姿多彩的社团风貌。“中山手创”“中大印象”等系列精彩纷呈，将古韵优雅的中大风光定格成一帧帧剪影，将追求卓越的中大精神凝结成一幅幅图鉴。在这里，创意燃动智慧，匠心铸就精品，中大文化内核以具象化的形式完美呈现。许多考生家长于此驻足，在打卡展台的同时选购心仪的文创产品，欣赏多样化的社团文化，感受青春中大无与伦比的魅力。
提前“剧透”录取通知书，除了普洱茶还有独特小砖
开放日上，中大还提前“剧透”了本科录取通知书。录取通知书套装以金榜题名状元红为整体色调，长方形礼盒为红砖样式，热烈奔放的木棉花纹隐隐浮现于盒上，代表着具有英雄气概的广州市花，花团锦簇的怀士堂是中山大学悠久历史文化底蕴的重要见证。
录取通知书封面上“录取通知书”五个古朴的篆体字由中山大学古文字学教授陈炜湛先生亲笔所书，自2011年沿用至今。录取通知书的背后，盒面印有儒家经书《礼•中庸》选段“博学之、审问之、慎思之、明辨之、笃行之”，这也正是中山大学十字校训的出处。
打开校徽磁吸，校徽背面刻有“2023年本科新生留念”。新生礼品中有一张储值十元的2023本科新生专属的羊城通卡，卡上绘有中山大学石牌旧址中刻字“中大”瓦当的屋檐一角，是百年中大沧桑变迁的历史见证。
随通知书一起的还有中山大学定点帮扶云南省凤庆县的普洱茶饼。近年来，中山大学对云南凤庆实施定点帮扶，为乡村振兴做出中大贡献。今年的茶饼形状从去年的圆形改为长方形砖型，99克的茶砖寓意“添砖加瓦”，象征着中山大学不断前行的99个春秋。
今年新增特色集体创作元素——年份拼图小砖，寓意丰富。拼图小砖为混凝土材质，面上刻有“中大+年份”字样，尺寸为24*24*10mm，纪念着中大1924创校的年份。8000多名新生将随机获得不同颜色、不同年份的一块，每个人的拼图小砖都是独特的一块。中山大学希望同学们在开学前带着小砖在自己的家乡，与代表性的建筑、物品合照，记录中大年份记忆走遍祖国大江南北。
金秋9月迈入中大，新生们将带着专属于自己独一无二的小砖来到南校园，将它贴在孙中山纪念馆的展架上，与8000多位同窗共同拼出一幅怀士堂的全景，寓意着全体新生汇聚于南校园，为百年中大“添砖加瓦”；1924-2024的年份拼图小砖在中大康乐园合体，也象征着中大历史中的一砖一瓦，构筑成现在强盛的中大。混凝土拼图材质坚固，历久弥新，拼图展架为钢架，画面整体尺寸为2050*2500mm，展架尺寸约2600*700*2400mm。年份拼图小砖背后有磁吸以及编码，方便新生找到拼图上的专属位置。
文/广州日报·新花城记者:林霞虹、林欣潼 通讯员:张洁
图/广州日报·新花城记者:廖雪明、林欣潼
视频/广州日报·新花城记者:林欣潼、林霞虹
广州日报·新花城编辑:赵小满
举报/反馈"
"中山大学成商品“名称”,大学名字想用就用?",https://baijiahao.baidu.com/s?id=1719167442006204776&wfr=spider&for=pc,中国青年网,中国青年网,"中新网客户端北京12月15日电 (记者 谢艺观)近日，某电商平台发布的美白身体乳好评榜上，一款标称“中山大学”的烟酰胺维生素E身体乳登上TOP1。
截图自某电商平台。
一所全国重点大学出了这样一款“广受好评”的护肤品，为何从不见中山大学宣传，是“酒香不怕巷子深”，还是“用我的名气，赚你的钱”。
中山大学成商品“名称”
这款商品的介绍页面写着：“全新一代”中山大学身体乳，根据市场调研消费者的需求，中山大学医药中心研发联合中山大学出品。
中新网记者在中山大学官网搜索中山大学医药中心，并没有找到相关机构。
当记者向客服询问是否能提供中山大学研发的相关证明时，客服仅仅回复“保证正品”。
在商品瓶身上，“中山大学”四个大字的下面又标注了“广州中大生化科技有限公司和广州楚业科技有限公司联合出品”。
截图自商品销售页面。
值得一提的是，这两家公司联合出品，标称为“中山大学”的，还有眼部丰盈原液、类蛇毒肽焕颜眼霜、水杨酸洗面奶、美白淡斑面膜、多肽立体修护冻干粉组合等。
这两家公司与中山大学是否有关联？记者分别拨打了两家公司的电话，但均未打通。
而广州楚业科技有限公司张姓负责人曾在接受媒体采访时表示：“中大生化科技有限公司，它的母公司就是中山大学，这一个中大生化是产业单位，是校企，我们是技术联合的。”
天眼查APP显示，广州中大生化科技有限公司的大股东为广州中大产业集团有限公司，后者曾用名为“中山医科大学产业集团有限公司”。
中山大学官网显示，“今日的中山大学，由1952年院系调整后分设的中山大学和中山医科大学于2001年10月合并而成。”
另，记者注意到，广州中大产业集团有限公司的大股东为广州中大控股有限公司，查询其历史股东镜像发现，中山大学曾对其100%持股，2020年12月，由广州金融控股集团有限公司持股。
截图自天眼查APP。
目前中山大学已未对中大生化科技有限公司间接持股，那两者是否还有合作关系？或中山大学是否将名称授权给这些公司使用？
中新网记者拨打了中山大学官方电话，接线人员表示，“我们这边不清楚”。另一接线人员则表示，“关于电商平台售卖标称为‘中山大学’化妆品一事，并没有听说过。”
记者留意到，另有标称为“中山大学”的化妆品，上面写着中山大学化学工程与技术学院提供技术支持。
事实是否是这样？中新网记者就此询问了上述学院的工作人员，其表示，“我们也有在一些媒体平台上看到过这些东西，学校层面好像要出面走法人途径去解决这些问题，我们是完全不清楚这个事情，学院是完全不知道的。”
此前，上述张姓负责人也曾表示，以“中山大学”字样进行宣传是公司的商业行为。
使用大学名称，想换就换？
不只是中山大学，记者注意到，标称为“南方医科大学”的洗面奶，打着“暨南大学”旗号的冻干粉等，也在电商平台销售火爆。
值得一提的是，一家线上店铺售卖的眼霜，在进行包装换新时，直接将品牌名由“中山大学”更换成“南方医科大学”，而店铺设置的搜索关键词里又写的是“南方科技大学”。
截图自商品销售页面。
一位消费者在商品评价中称，“双十一还挂着中山大学的牌子，现在就换成南方科技大学了，下个月是不是就换成交大复旦了，请问贵店产品是跟多少高校合作了？”
当记者询问到底是哪所大学参与研发时，客服表示，“是由南方科技大学研究所研发的一款多效眼霜。”
记者随后拨打了南方科技大学的官方电话，但未得到明确回复。
擅用大学名称，已有企业被处罚
若在中山大学等不知情的情况下，商家擅自使用其名称，是否构成侵权行为？
“其或侵害了学校的名誉权和名称权。”北京云通律师事务所主任闫兵告诉中新网记者，“另外，还涉及虚假宣传或扩大宣传。如果是生‘蹭’名称的话，或还构成欺诈消费者。”
记者查询发现，近日广州九口山科技有限公司就因涉及生产经营标签不符合规定的化妆品，被广州市白云区市场监管局罚款10万余元。
行政处罚内容中显示，在该产品生产过程中，与其标签所述中山大学化学工程与技术学院并无直接关系，当事人也不能提供中山大学同意以其名义进行产品宣传的证明材料。该产品包装由当事人自行设计，其标签上“中山大学化学工程与技术学院技术支持”字样属于虚假或引人误解的内容。
多部门曾规范“大学”名称使用
在商品搜索过程中，记者还留意到，一家店铺售卖的“中山大学”洁面乳，在进行包装升级时，将“中山大学”更换成“中大生化”，并提到，因教发【2021】5号规定：“5月1日之后不能在包装上标有大学名称”，故积极响应升级外包装规格。
截图自商品销售页面。
店家提到的教发【2021】5号规定，指的是今年5月教育部等八部门发布的《关于规范“大学”“学院”名称登记使用的意见》。
意见规定，大学、学院是具有特定功能和作用的法人组织，应按照法律法规和国家规定的标准、程序审批设立，其名称经批准方可使用。除经批准设立的大学、学院以及由其设立的内部机构或由其发起并依法登记的组织机构外，其他组织机构不得在牌匾、广告等对外宣传以及其他各类活动中使用“大学”“学院”字样。
意见要求，各地各相关部门应于6个月内组织开展清理整顿，对逾期仍违规使用“大学”“学院”字样开展活动的，按照主管和属地原则，由教育、机构编制、人力资源社会保障、民政、市场监管等部门依法责令改正或予以查处；涉及虚假违法广告或宣传的，由市场监管部门责令停止，并依法处罚；构成违反治安管理行为的，依法给予治安管理处罚；构成犯罪的，依法追究刑事责任。
虽然上述商家在商品上进行了更改，但在宣传时仍使用“中山大学”的名称，在闫兵看来，这或构成广告违法。
你买过“中山大学”化妆品吗？是冲着中山大学买的吗？(完)
（来源：中国新闻网）
举报/反馈"
陈晓平:百年来有过几所“中山大学”?,http://baijiahao.baidu.com/s?id=1693988510886227655&wfr=spider&for=pc,澎湃新闻,2021年3月12日,"1925年3月12日，孙中山在北京逝世。为纪念这位伟大的革命先行者，先后有多所大学被命名或更名为“中山大学”，以表敬仰。广州中山大学（前身广东大学）有段时间叫做“第一中山大学”，后面跟着二、三、四、五“中山大学”。有趣的是，上海、江苏、苏联提议用“中山大学”纪念孙中山，均比广东大学要早。
广州文明路的中山大学原址上海大学抢闸不成1925年3月12日，孙中山在北京逝世，寰宇同悲，均思有以纪念。出乎意料的是，第一个提出将校名改为“中山大学”的是上海大学。
3月17日，上海大学社会系学生安剑平，写成《论改组上海大学为中山大学案》，称：“窃考吾校创办之初，即以发扬民治、养成建国人才为标帜，而环顾国中大学，与先生精神、主义之号召，亦以与吾校关系为最深。……此议初为吾友葛军克信所发起，葛君与我道及，我当时脑中即起异常之感觉，而一力赞成之，且更研究改组理由之种种要点，而我更提议校中建立铜像，使吾校民治教育上益收潜移默化之陶冶。然我与吾友马君凌山商榷，亦为一力赞同。未几，风声所播，全校景从，于昨晚适开吾校学生会，遂有李君炳祥之提出，而得全体同学之赞成，于此可见纪念孙公发扬民治之人同此心、心同此理矣。此实为正大光明庄严灿烂之举动，……凡我同志，皆当奋起努力喝（唤）起舆论，陈请政府，于最短期间，克底于成，以一片血忱、一瓣心香，以奠慰我国父之灵者，以奠我中华民国之邦基焉。”（3月24日《广州民国日报》）
上海大学的前身，是1922年在闸北创办的一所弄堂大学——私立东南高等专科师范学校。开学不久，校长携款逃往日本，全校学生发起自救运动，吁请陈独秀、章太炎、于右任三人中之一人出任校长。最终，老同盟会员于右任接下了这个重任。
1922年6月16日，孙中山与合作已久的陈炯明爆发冲突，无奈之下从广州转战上海，8月14日在沪同志举行欢迎会，孙中山指示于右任，在上海筹办一所新型大学，为北伐培养人才，这所大学在人事上要兼容并包，网罗各方面的人才。于右任刚好遇到东南高等专科师范学校学生求助，接手办理，改为上海大学，于10月23日诞生。从这个意义上讲，上海大学也可以说是孙中山所创办的。
孙中山一直在尽其所能扶持上海大学。1923年2月，他批准每月拨款资助；8月，上大特设校董会，孙中山担任名誉校董。国民党召开“一大”后，明确上海大学为国民党党立学校，经费由国民党中央补助。
于右任赞成国共合作，认为中共“多青年，有主张，能奋斗之士”，向李大钊求助，李大钊推荐自己的学生、共产党员邓中夏参与上大的管理工作。1923年夏，邓中夏到校任校务长，成为国共两党合作办学的开端。于右任不常到校，校务实际由邓中夏主持。邓中夏创办了社会学系，为加强上大的领导与教学力量，陈独秀派瞿秋白担任上大社会学系主任。在国共合作时期，上海大学既是国民党党立学校，也是共产党人实际控制的大学。
孙中山逝世后，正式提出将上海大学改为中山大学的安剑平，江苏无锡人，上海大学“孤星社”发起人、社长，积极拥护新三民主义，孤星社的创办也得到孙中山的支持，曾为《孤星》杂志题签。安剑平也是“五卅”运动的积极参与者，为此被英租界巡捕逮捕。（沈建中：《“激励大侠魂的精神”——上海大学社团孤星社及〈孤星〉杂志》）“五卅”运动后期，安剑平加入了共产党。
3月19日《申报》刊登国民党上海市第四区分部全体党员唁电：“北京国民党中央执行委员会鉴：总理逝世，痛悼万分，一致议决，请求将上海大学改为中山大学，并特设三民主义讲座，由中央派专员讲授，以示永远纪念及继续遗志之意，万望准予通过，商于校长决定施行。上海市第四区第四分部全体党员叩。删。”
4月2日，廖仲恺代表中央执行委员会复函上海大学学生会：“径复者：案准胡展堂同志转来贵会请将上海大学改名为国立中山大学，并增没政治、经济、教育三系，以垂孙中山先生永久之纪念等由函一件，当即提出本会第七十五次会议，决议改名为中山大学，俟有切实改革计划然后实行等因，准函前由，相应录案。函复贵会，查照为荷。此复上海大学学生会。中央执行委员会廖仲恺。”
中执会的答复留了活口，原则同意改名中山大学，但要看“切实改革计划”实行情况如何再定。上海大学原本基础较差，经费也不充足，学科设置“偏科”严重，又受到北洋政府、租界当局的迫害，动荡不安，难当大任，虽然最早提出改名“中山大学”，却殊难落实，此事遂不了了之。
上海大学西摩路第一院校舍第一中山大学广州中山大学前身为国立广东大学。广东大学校址位于今文明路广东省立中山图书馆、鲁迅纪念馆位置，此地原是清代的广东贡院。1905年起，两广总督岑春煊筹办两广优级师范学堂，拆除贡院，聘请英国工程师，仿照日本师范学校模式进行规划设计，陆续建成课室、实验室、操场、自修室、寄宿舍、会食堂、中小学堂等，可容师范生500多人，附属中小学生500多人。1908年4月1日，两广优级师范学堂正式开学，首任监督（校长）为王舟瑶。1912年2月，改称广东高等师范学校。
1924年2月2日，孙中山签署命令：“着将国立高等师范、广东法科大学、广东农业专门学校合并，改为国立广东大学。”孙中山同时还任命老同盟会员邹鲁担任广东大学筹备主任。广东大学筹备委员，除邹鲁外，有35人，其中31人是归国留学生，包括许崇清、马君武、蒋梦麟、李大钊、胡适等名人。6月9日，孙中山任命邹鲁为国立广东大学校长。在生命中最后的一年里，孙中山一直关心着广东大学的发展，主持制定《国立广东大学规程》，为保证办学经费充足，曾通令全省各属将筵席捐的三分之二“拨为国立广东大学经费”。1925年7月，广东公医大学也并入广东大学。
1925年3月12日孙中山逝世后，广东大学反应有些迟钝，被上海大学、东南大学抢了先。3月24日，《广州民国日报》刊登《改广大为中山大学之提议》：“昨有国民党员黄行致函中央党部云：中央执行委员会诸君并转汪精卫、邹海滨先生并诸同志鉴。噩电传来，天下太息，惟先生虽死，主义犹存，吾侪正宜鼓其馀勇，努力三民，竟先生未竟之志，励后死之责也。顷阅报载北京同志改中央公园为中山公园、南京为中山城等语，景仰元老，人有同情，而吾粤为革命策源地，又为先生桑梓所在，更不可以无纪念，似宜将广东大学改为中山大学。查以党建国，为先生之独见；以党建校，实宣传之要图。是否有当，伏候公决。中国国民党党员黄行叩。”廖仲恺作为掌握实权的党国元老，促成国民政府原则上通过了这个动议。
7月，邹鲁呈请国民政府批准改校名为国立中山大学，但国民政府批示认为“该校……自应积极筹备，俾名副其实。所请拟于本年十一月十一日成立，为期过促，应从缓议。”老校长邹鲁在这一年9月离穗北上，参加“西山会议派”活动，之后“广大”人事纷更，筹备工作被拖慢。经一年多的筹备，1926年8月17日国民政府发布命令，正式宣布将国立广东大学改名为国立中山大学，到1928年2月改称“国立第一中山大学”。
国立第一中山大学第一届毕业同学合影第二中山大学（武汉大学）1927年6月，国民政府取消教育部，成立“中华民国大学院”，在部分省区实行“大学区制”，以蔡元培为大学院长。大学区制移植自法国学制，其核心内容是将全国划分为若干大学区，大学区内的大学担任高等学府与教育厅的双重功能。
随着国民革命军向全国进军，“第一中山大学”之后，陆续出现“第二中山大学”以至“第五中山大学”。1926年10月北伐军攻克武汉之后，11月20日，湖北省政务委员会决定将国立武昌大学（原国立武昌师范大学）与武昌商科大学、湖北省立文科大学、法科大学、医科大学等数校合并，组成“国立武昌中山大学”。1927年10月，武昌中山大学被南京政府命名为“第二中山大学”。随着形势的变化，桂系军阀控制湖北，第二中山大学因发生所谓“嫌疑分子”问题而停办。1928年7月，国民政府任命湖北人刘树杞为第二中山大学校长，启动重建，国民政府决定将原第二中山大学改名为国立武汉大学，校址也从武昌东厂口迁至珞珈山。
国立武昌师范大学第三中山大学（浙江大学）1897年，浙江省创办求是书院，后改为浙江大学堂，到1912年停办。1921年浙江省议会建议筹设杭州大学，未能如愿。1927年春，国民革命军底定浙江，拟建立浙江大学。6月，国民政府决定在浙江省试行“大学区制”，浙江省也随之筹备成立“第三中山大学”，7月15日以蒋梦麟为第三中山大学校长。到1928年4月1日，又将第三中山大学改名浙江大学。10月，国民政府成立，改大学院为教育部，蒋梦麟出任教育部长，到11月辞去浙江大学校长职务。浙江大学扛着“第三中山大学”名字的时间不长。浙江为人文渊薮，但要等到北伐军底定浙江后，才建立起高水平综合大学。
1932年，政府任命程天放为浙大校长，加以大刀阔斧的改革，呈蒸蒸日上之势。1936年，蒋介石任命著名气象学家竺可桢为浙大校长，一直到1949年4月。竺可桢既是气象专家，人文修养也极高，加上与蒋介石有姻亲关系，有一定自由度施展抱负，浙江大学在他管理下声誉鹊起。
浙江大学图书馆第四中山大学（中央大学）北伐以前，位于南京的东南大学是与北京大学齐名的国立大学。江苏经济、文化资源甲于他省，人才辈出，历代科举成绩傲视群雄，近代又有上海的崛起，东南大学故而拥有崇高地位，简称“东大”。
孙中山逝世后，上海大学第一个抢闸出击，第二个争取“中山大学”名衔的，是江苏省。1925年3月20日，《申报》刊出《东大改组为中山大学之建议》。报道称：“昨闻苏苏社沈卓吾等，有电致段执政及在京同志，建议将东南大学，改组中山大学，谓既彻底解决此次学潮，并纪念孙中山创造共和之丰功，而肃青年之趋向，以奠东南学府永久之基云。”“苏社”是状元张謇发起的江苏地方自治组织。
沈卓吾（1887-1931），江苏如皋人，清末入江南高等工业学堂读书，留校任教时因高谈革命，遭清政府通缉，亡命日本，在横滨得以谒见孙中山，遂加入中国同盟会。回国后，曾为革命党人焦达峰输送枪械至湖南。1916年年起，在上海主办《工商日报》、《中国晚报》，宣传三民主义。1924年起，任孙中山广州大本营参军等职。长期追随孙中山的沈卓吾，兼有江苏人身份，他提出这个建议是出于“三赢”考虑，既可借此长期纪念孙中山，为江苏人争光，又可协助解决当时的“东大校潮”。“东大校潮”，因汪精卫、杨杏佛等国民党人发动驱逐校长郭秉文而起。1925年1月初，在杨杏佛等人的运作下，北京政府免去郭秉文校长职务，激起师生强烈抗议。沈卓吾此举，似是希望缓和师生情绪，拉近东南大学与国民党的距离。
1927年4月18日，蒋介石集团定都南京。6月9日，以东南大学为核心，合并一些其他江苏高校，重组为“国立第四中山大学”，这是沈卓吾始料未及的。不过他的积极表现仍然得到了回报，这一年10月20日，他得到“国民政府财政部印花税处处长”肥缺。1928年2月，国立第四中山大学曾拟改名为“江苏大学”，但反对者众，最终改组为“中央大学”。民国时代，南京与北京之间始终存在着一种竞争关系，到国民政府定都南京后，南京终于取得“胜利”，以“中央大学”的显赫校名，压过北大一头。
中央大学校门第五中山大学（河南大学）河南大学前身为中州大学。1927年6月，冯玉祥任河南省主席，省政府设于开封。在国民党中央政治委员会开封政治分会委员们的提议下，1927年6月开始筹设“国立开封中山大学”，并委任徐谦、顾孟余、薛笃弼、凌勉之、李静禅等5人为筹委会筹备委员。经过多次磋商，决定以中州大学为基础，将河南公立法政专门学校、河南省立农业专门学校合并于内，成立“国立第五中山大学”。1928年，校名改为“河南中山大学”，1930年秋再改为“河南省立河南大学”。
民国时期，河南大学吸引了不少知名学者担任教职，范文澜、冯友兰、董作宾、罗章龙、郭绍虞、萧一山、姜亮夫、嵇文甫、任访秋都曾在此任教，涌现出袁宝华、尹达、邓拓、白寿彝、杨廷宝、姚雪垠、周而复、赵九章等著名校友。河南大学设在开封，1954年河南省会迁往郑州，对河南大学的发展不太有利。
将国立大学改名“第N中山大学”这个势头，为何到河南省之后就戛然而止？官方的说法是国际交流不方便。笔者猜测，掌管全国教育行政大权的蔡元培可能会想到：若以国民革命军进军的先后排名，接下来势必要把北京大学改称“第六中山大学”，这让以老大自居的北大情何以堪？蔡元培的崇高声望，跟他出长北大的经历无法分开。把北大改名“第六中山大学”，不仅会遇到各方反对，也显得滑稽，蔡先生于是及时踩了刹车。
河南中山大学西北中山大学1912年3月，陕西省政府以陕西高等学校、陕西政法学堂、三秦公学为基础，在西安创办西北大学。1915年春，陆建章入陕后，撤销西北大学，改为公立陕西政法专门学校。1924年1月，刘镇华重建西北大学，合并原陕西政法专门学校、水利工程专门学校、渭北水利局附设的水利道路工程专门学校、甲种商业学校。1927年3月，该校改为西安中山学院，不久改为西北中山大学。1931年1月，改为陕西省高级中学。
安徽中山大学（筹）
皖省人士多年梦想创办安徽大学，未能如愿，直到1927年10月，陈调元出任安徽省主席，才正式启动筹建工作。1927年12月12日，上海《申报》刊出消息《皖省教育近讯》：“安大积极筹备。安徽中山大学筹备委员已经皖省政府第十二次委员会议议决，推定吴稚晖、李石曾、石瑛、常宗会、张秋白、刘文典、刘复、汤志先、陈中孚、雷啸岑等为筹备委员。闻刘文典已来皖，拟即进行筹备。”安徽中山大学校址设在当时的省会安庆，到1928年2月开始招生时，定名为安徽大学，次年改称安徽省立大学。近年出版的《安徽大学简史》没有提到最初校名，似乎有些不妥。
早期安徽大学校门北伐军高歌猛进之时，各省份纷纷靠拢中央，希望让本省的大学进入“中山大学”序列。据记载，当时还有筹备设立南昌中山大学、湖南中山大学、兰州中山大学、广西中山大学的计划。1925-1928年间，究竟有多少所拟议中的“中山大学”，笔者尚未找到准确统计。到1928年初，国民政府大学院作出决定：“将各地中山大学悉易以所在地之名，只留广州第一中山大学，以资纪念总理。”这场以数字命名大学的游戏到此结束。莫斯科中山大学
苏联动议创办莫斯科中山大学的时间，也比广东大学要早。1925年3月19日，孙中山逝世7天之后，联共（布）中央政治局会议上，已有人提出这个建议。4月2日，联共（布）中央政治局会议举行了一个高级别的会议，参加会议的有政治局委员、政治局候补委员、中央委员、中央候补委员、中央监察委员会主席团成员。这次会议讨论的一个议题，就是“关于建立中山大学问题”。这是苏联领导人第一次明确提出“中山大学”这个名称。初期设想，是把大学设在西伯利亚，到5月15日，政治局在听取报告以后，决定设在莫斯科。当年秋天“孙逸仙中国劳动者大学”成立，早年多译为“孙文大学”“孙逸仙大学”，中共方面后来则定型为“莫斯科中山大学”。1930年2月15日，联共（布）中央政治局会议决定，停办莫斯科中山大学。
莫斯科中山大学主要从广州、欧洲两地招募中国学生，发生过很多同室操戈的故事，已有不少回忆录和研究著作行世，此处不赘。值得一提的是，莫斯科中山大学第七班有两个小个子学生，他们的政治遗产至今仍深刻影响着海峡两岸：一个叫邓小平，一个叫蒋经国。
莫斯科中山大学学生巡行台湾高雄“国立中山大学”1979年，蒋经国嫡系、国民党中央组织工作会主任李焕卸任后，在台湾高雄西子湾风景区筹办“国立中山大学”复校，1980年秋季开学招生。这是最年轻的中山大学。该校依山傍海，风景秀丽，以“台湾第一观光学府”著称于世。高雄中山大学校歌，沿用邹鲁作词的中山大学校歌，只是把第一句“白云山高，珠江水长”改为“中华文化，源远流长”。
台湾高雄“国立中山大学”百年以来，正式设立、更名的中山大学共有8所，筹备设立、更名的约有5所。作为谈资，夸张一点说，也可以说曾经有过13所“中山大学”。后话
1998年11月4日，广州中山大学领导班子调整，新任党委书记李延保来自东南大学（第四中山大学），新校长黄达人来自浙江大学（第三中山大学）。李书记有个讲话颇为有趣。他说：
中山大学是中山先生亲手创建的，经过一大批革命前辈和著名学者、教授的熏陶培育，经过一代代中大人的奋发努力，现在已成为一所享誉海内外的著名大学，在我国高等学校中占据着一席特殊重要的地位……浙江大学、东南大学与中山大学有许多共同之处，在1926年为纪念中山先生，曾将浙江大学更名为第三中山大学，东南大学更名为第四中山大学，南京市也有许多中山先生的历史遗迹。现在我们作为交流干部，能从一名东大人、浙大人变成中大的新成员，感到既有幸也有缘。但我们深知，要成为一名真正的中大人，还需要付出努力，要有一个磨合及认同的过程：为使自己逐步融合到中大的文化氛围、中大的学术氛围以及中大的社会环境氛围之中，成为一名被大家认同的中大人。（《李延保教育文集》）
李延保先后担任东南大学教务处副处长、处长、副校长、党委副书记，黄达人1981年毕业于浙江大学，历任数学系副主任、教务处长、副校长。这一番讲话，设词巧妙，利用历史上曾经同名的渊源拉近了与中山大学师生的距离，也是学界佳话。
“中山大学”这个名称的存在，也让广东省中山市十分为难。众所周知，北京大学、天津大学、武汉大学、厦门大学等等，都是以城市命名的著名学府。由于“中山大学”这个名称早被占用，如果中山市想要建立一间高水平综合大学，无法按城市命名为“中山大学”，只能另起炉灶。据报道，中山市目前正在筹建“中山科技大学”，笔者乐闻其早日建成。
(本文来自澎湃新闻，更多原创资讯请下载“澎湃新闻”APP)
举报/反馈"
"中山大学再成立五个学部,至此七个学部全部上线",https://baijiahao.baidu.com/s?id=1761661802848297938&wfr=spider&for=pc,广州日报,广州日报,"3月28日，中山大学在广州校区南校园举行人文学部、社会科学学部、理学部、工学部、信息学部等五个学部的成立暨学部负责人聘任仪式。至此，中山大学推动学部制改革取得阶段性进展，加上去年成立的经济与管理学部、医学部，七大学部，全部上线。这标志着中山大学正式进入探索“学校—学部—院系”三级学术治理体系阶段。
中山大学聘任陈少明为人文学部主任，聘任陈伟武、曹家启、吴重庆、常晨光为人文学部副主任。人文学部由中国语言文学系、历史学系、哲学系、外国语学院、艺术学院、博雅学院、中国语言文学系（珠海）、历史学系（珠海）、哲学系（珠海）、国际翻译学院等10个院系组成，涵盖中国语言文学、中国史、世界史、哲学、外国语言文学、艺术学等6个一级学科。
中山大学聘任肖滨为社会科学学部主任，聘任张应强、李辉、高定国为社会科学学部副主任。社会科学学部由社会学与人类学学院、政治与公共事务管理学院、法学院、马克思主义学院、心理学系、新闻传播学院、信息管理学院、国际关系学院、体育部、粤港澳发展研究院等10个院系单位组成，涵盖社会学、民族学、考古学、政治学、公共管理、法学、马克思主义理论、中共党史党建、心理学、新闻传播学、信息资源管理等11个一级学科及体育学二级学科。
中山大学聘任王雪华为理学部主任，聘任朱熹平、陈小明、王岳军、储诚进为理学部副主任。理学部由数学学院、物理学院、化学学院、生命科学学院、地理科学与规划学院、数学学院（珠海）、物理与天文学院、理学院、地球科学与工程学院、大气科学学院、海洋科学学院、生态学院、农学院等13个学院组成，涵盖数学、统计学、物理学、化学、天文学、生物学、生态学、植物保护、作物学、地理学、大气科学、海洋科学、地球物理学、地质学等14个一级学科。
学校经研究决定，聘任郭烈锦院士为工学部主任，聘任王复明院士、杨国伟为工学部副主任。工学部由化学工程与技术学院、材料科学与工程学院、环境科学与工程学院、系统科学与工程学院、中法核工程与技术学院、土木工程学院、测绘科学与技术学院、海洋工程与技术学院、航空航天学院、材料学院、智能工程学院、生物医学工程学院、先进能源学院、先进制造学院等14个学院组成，涵盖化学工程与技术、材料科学与工程、环境科学与工程、系统科学、核科学与技术、土木工程、水利工程、城乡规划学、测绘科学与技术、力学、航空宇航科学与技术、船舶与海洋工程、控制科学与工程、交通运输工程、生物医学工程、动力工程及工程热物理、机械工程等17个一级学科。
中山大学聘任邓少芝为信息学部主任，聘任陈曾平、操晓春等为信息学部副主任。信息学部由计算机学院、电子与信息工程学院、微电子科学与技术学院、人工智能学院、软件工程学院、电子与通信工程学院、集成电路学院、网络空间安全学院等8个学院组成，涵盖计算机科学与技术、电子科学与技术、光学工程、信息与通信工程、软件工程、集成电路科学与工程、网络空间安全等7个一级学科。
近年来，中山大学快速发展，形成了“三校区五校园”办学格局和文理医工农艺综合发展的学科布局。如何将学校近70个院系，特别是相近学科的院系有机融汇起来，将规模优势有效转化为发展动能，促进规模、结构、效率和质量相统一，走好高质量内涵式发展道路，是新时期中山大学完善大学学术治理体系的重要任务。
对于如何做好学部工作，中国科学院院士、中山大学校长高松在仪式上提了三点意见：第一，要聚焦人才培养。“人才培养”是学校工作的“重中之重”。学生是学习的主体、教师是关键、院系担主责、学部保质量促交叉、学校营氛围。学部要发挥教学指导委员会、学位评定委员会的作用。第二，要发挥学部在高素质教师队伍建设上的作用。学部的学术委员会，要统筹相同和相近学科的学术标准与学术评价，要帮助院系把好进人关，从更高的视角、更宽的视野、更长的跨度做好教师聘用、评估和晋升的学术评价。第三，学部要激发院系活力，促进学科交叉。学部在充分“调动基层学术组织活力”“促进跨院系跨学科教育和研究的合作”等方面大有可为。各学部可以主动创新方式，开展各类学科交叉交流活动。
中山大学党委书记陈春声教授在总结讲话中表示，中山大学七个学部已全部完成组建，这是学校为加快一流大学和一流学科建设，实现高质量内涵式发展所做出的重大改革举措，将在学校历史上留下浓墨重彩的一笔。陈春声书记提出三点期望：一要准确认识设置学部的重要意义。中山大学体量大、学科全、学生多，分学部实施学术治理的需求非常迫切。当前，学校已进入高质量内涵式发展的新阶段，需要继续深化改革、大胆创新，充分发挥学校办学格局和办学资源的优势，加快建设中国特色世界一流大学。二要切实抓好学部各项重点工作。学部要充分发挥在跨学科教育、学术标准、人才引育等方面的统筹协调作用。学部负责人要守正创新、担当作为，带领各学部在提高人才培养质量、完善学术评价标准、建设高素质教师队伍、推动学科交叉融合等方面发挥重要作用。三要在全校上下形成学部工作的合力。要厘清学部和院系的权责边界，要预防学部行政化的倾向，一定不能把学部变成新增的行政管理层级。学部内各院系要统一思想、形成共识；各学部主任、副主任要提高站位、加强团结，形成学部内所有院系和衷共济、合作共赢的良好学术生态。学校各部门要完善条件保障，加强指导协调，保证学部工作真正落实落地落细。
广州日报·新花城记者：林霞虹 通讯员：孙琛 余婷
广州日报·新花城编辑：张宇
举报/反馈"
"创意满满,寓意丰富!中山大学“秀”出2023本科生录取通知书",https://baijiahao.baidu.com/s?id=1769009595348016969&wfr=spider&for=pc,南方新闻网,南方新闻网,"南方网讯（记者/许萌萌）2023年的中大录取通知书到底长什么样？专属礼盒中新生们将收到哪些意义非凡的礼物呢？中山大学2023本科生录取通知书样式今日首发，看今年的样式你喜欢吗↓↓↓
“你们的录取通知书，已经上线啦！”
据介绍，中山大学2023年本科录取通知书套装以金榜题名状元红为整体色调，长方形礼盒为红砖样式，寓意为学子走进红砖绿瓦的百年康乐园，盒面采用激凸烫红金工艺，富有立体感和艺术感染力，象征着中山大学近百年来发展的光辉历程。热烈奔放的木棉花纹隐隐浮现于盒上，代表着具有英雄气概的广州市花，象征着中山大学赓续红色血脉、传承红色基因的使命担当。花团锦簇的怀士堂是中山大学悠久历史文化底蕴的重要见证：1923年12月21日，孙中山先生在这里向青年学子发表演讲，先生铿锵之声仍在耳边回响：“立志要做大事，不可要做大官”。
中大校徽
伴随着礼盒的徐徐展开，中山大学2023级录取通知书缓缓呈现，封面上“录取通知书”五个古朴的篆体字由中山大学古文字学教授陈炜湛先生亲笔所书，自2011年沿用至今。录取通知书的背后，盒面印有儒家经书《礼•中庸》选段“博学之、审问之、慎思之、明辨之、笃行之”这也正是中山大学十字校训的出处，激励着每一名中大学子上下求索。
翠绿的瓦当镌刻着历史的脉络，见证着康乐园的百年繁盛，承载着专属于中大人的历史记忆。新生礼品中有一张储值十元的2023本科新生专属的羊城通卡，卡上绘有中山大学石牌旧址中刻字“中大”瓦当的屋檐一角，是百年中大沧桑变迁的历史见证，它将陪伴每位中大新生开启崭新的求学之旅。
中山大学2023本科新生专属的羊城通卡
近年来，中山大学对云南凤庆实施定点帮扶，为乡村振兴做出中大贡献，展现中大担当。随通知书一起的还有中山大学定点帮扶云南省凤庆县的普洱茶饼，今年茶饼形状从去年的圆形改为长方形砖型，99克的茶砖寓意“添砖加瓦”，象征着中山大学不断前行的99个春秋。这份普洱茶饼不仅饱含着中大师生深厚的家国情怀，更是中大人以振兴中华为己任的光辉写照。
普洱茶饼
据介绍，今年新增特色集体创作元素——年份拼图小砖，寓意丰富。拼图小砖为混凝土材质，面上刻有“中大+年份”字样，尺寸为24*24*10mm，纪念着中大1924创校的年份。8000多名新生将随机获得不同颜色、不同年份的一块，每个人的拼图小砖都是独特的一块。据悉，开学前，新生可带着小砖在自己的家乡，与代表性的建筑、物品合照，记录中大年份记忆走遍祖国大江南北，象征着这所大学“为社会福、为邦家光”的使命。
年份拼图小砖
此外，金秋9月迈入中大，新生可带着专属于自己独一无二的小砖来到南校园，将它贴在孙中山纪念馆的展架上，与8000多位同窗共同拼出一幅怀士堂的全景，寓意着全体新生汇聚于南校园，为百年中大“添砖加瓦”；1924-2024的年份拼图小砖在中大康乐园合体，也象征着中大历史中的一砖一瓦，构筑成现在强盛的中大。混凝土拼图材质坚固，历久弥新，拼图展架为钢架，画面整体尺寸为2050*2500mm，展架尺寸约2600*700*2400mm。年份拼图小砖背后有磁吸以及编码，方便新生找到拼图上的专属位置。
中大2023年校园开放日活动正在进行中
同步举办本科招生信息发布会
招生办主任现场解读招生政策
点击下图进入直播👇
举报/反馈"
"97年前的今天,中山大学首任校长写下了这副对联",http://baijiahao.baidu.com/s?id=1716293481508867803&wfr=spider&for=pc,新周刊,2021年11月13日,"（本文转载自收藏拍卖杂志）

如果要问岭南地区最富知名度的高等学府是哪一间，相信许多人第一时间就会想到“中山大学”。

而要问到这间学府的前身以及它的第一任校长是谁？估计现在能答上来的人就不多了，因为毕竟“中山大学”创立时的那段时光已经远离我们很久了。告诉大家吧，它的前身就是“国立广东大学”，而它的第一任校长就是广东大埔人邹鲁先生。

今天（11月12日），刚好是中山大学97岁生日。前段时间笔者在一个书法展览上被一副对联作品引起了兴趣，这副对联正是中山大学首任校长邹鲁先生为了纪念“国立广东大学”的成立，于“国立广东大学”成立的当天（民国十三年十一月十一日）亲笔写下的。正值校庆日与众分享，皆是机缘。

01

一副对联勾起前因

从“国立广东大学”到中山大学

这副对联共两件，每件高135厘米，宽31厘米，水墨纸本立轴。释文：称心诗带风云气，信手文成金石声。上款：国立广东大学成立纪念。落款：民国十三年十一月十一日邹鲁。钤印：邹鲁之印（白文方印）、海滨长寿（朱文方印）。

对联的内容“称心诗带风云气，信手文成金石声”，表达的意思是：合乎心意的诗必然是风格豪迈，要带有英雄的气概；随手写出的文章一定是要铿锵有力，掷地有声的。整幅作品用笔流畅自如，有刚柔相济的圆润之趣，结体平正而顾盼生姿，俊逸秀美而意态万千。

· 邹鲁对联书法

提到“国立广东大学”这个名字，相信如今知道的人并不多，而要说到中山大学，相信许多人立马就会说“这间大学，我当然知道啦”。究其原因，让我给大家从头细细说起。

1924年2月4日，孙中山下了两道大元帅令，一道是“着将国立高等师范、广东法科大学、广东农业专门学校合并为国立广东大学。”另一道是“派邹鲁为国立广东大学筹备主任。”1924年6月9日，孙中山先生正式任命邹鲁为国立广东大学首任校长。1924年6月21日，国立广东大学举行校长就职和学生毕业典礼。

· 中山大学文明路校址

国立广东大学于1924年9月15日正式上课。但当时，学校并没有举行开学典礼与成立大会。9月30日，举行了第二次校务会议，决定由教授、职员及学生等各自选出代表组织典礼筹备会，将开学典礼及成立典礼日定于1924年11月11日。

说到这，很多小伙伴就奇怪了，那校庆日应该是“双十一”才对啊。这里插个背后的小故事。

原来出于对孙中山先生的崇敬之情，筹委会想着在先生生日这一天举行成立典礼，并把这一天作为校庆日。然而大家并不清楚孙中山先生的生日是哪一天。（先生为了不让大家给他祝寿，从来不对外透露他的生日）后来大家猜测11月11日应该就是中山先生的生日，于是，“双十一“便作为校庆日一直沿用到新中国成立初期。

事实上，中山先生的诞辰是11月12日。1951年11月11日，时任中山大学校长许崇清致电中央人民政府副主席宋庆龄，决定将中山大学校庆日改为11月12日，以符合原来的用意。（参考中山大学团委 《93校庆｜中大校庆日曾是双十一？细数你所不知的中大校史》 ）

· 孙中山与全体教员合影

· 中山大学孙中山先生铜像

1925年3月12日，孙中山先生在北京逝世，廖仲恺先生提议将国立广东大学更名为中山大学，同年10月获批准。1926年7月17日正式更名为“国立中山大学”，成为广东最高学府。

由于“国立广东大学”这个名称存在的时间很短（1924年2月4日—1926年7月17日），学校成立不久之后就更名为“中山大学”，所以如今的人们知道“国立广东大学”这个名字的就不是很多，而知道“中山大学”的人就比比皆是了。

·中山大学旧建筑一隅

02

作品原由吴南生收藏

一份难得的文献资料

“国立广东大学”，乃至后来的中山大学，为邹鲁先生筚路蓝缕，一手筹办而成。在当时动荡的的社会政治环境以及极为困难的财政资金下，中山大学能在短短的时间内成为国内有名的综合大学之一，固然有全校师生以及历任校长的共同努力，但是首任校长邹鲁先生的艰辛努力与十年心血付出所做出的贡献，是肯定的。诚如戴传贤所说：“就广大而论，若无邹鲁同志之全力组织，则并此校而无之。”实非言过其词。

· 1920年代的邹鲁

原名邹澄生，字海滨，号澄斋，广东大埔县人。

说到这副对联，就不得不提到一个人，他就是这副对联的原收藏者，原广东省政协主席，已故的著名书画收藏家吴南生先生。他的这件藏品也曾收录在许习文先生编著的《憨斋藏联》一书中。

在“国立广东大学”成立的这一天，虽然身上诸多公务缠身，但作为“筹备主任”以及首任校长的邹鲁先生仍饱含深情地写下一副这样内容的对联，恰恰体现了他对莘莘学子莫大的期望，这份良苦用心可以说是极为难得。

· 黑石屋，原11号住宅，现为东北区306号，位于中大校园中轴线东侧，怀士堂东北。黑石屋由美国芝加哥伊莎贝·布勒斯通（黑石）夫人捐建。落成于1914年，并以捐建者命名。

虽然说目前在艺术品市场上，邹鲁先生的书法作品存有一定的数量，寻找起来也不算很难，但是这么一件由“国立广东大学”首任校长的他在学校成立的当天，亲自为学校的成立而书写的对联作品，实在是有非常重要的文献价值和特殊的纪念意义，从实物的角度补充了史乘之不足。

（本文转载自收藏拍卖杂志）

举报/反馈"
"马克龙将访问中大,原来中大与法国渊源如此深",https://baijiahao.baidu.com/s?id=1762469620845661801&wfr=spider&for=pc,广州日报,广州日报,"中山大学4月6日深夜发布消息称，据中国驻法国大使馆发布消息，法国总统马克龙将于4月7日下午抵达中山大学，与学生交流。
明年，中山大学将迎来百年校庆，中法也即将喜迎建交60周年。穿梭百年中大校史，法国元素交织其中，在中法文明交流互鉴的历史上，中山大学曾写下浓墨重彩的一笔。
里昂中法大学，曾经的广东大学海外部
2014年，里昂—中国关系促进中心、里昂中法大学历史博物馆揭幕。这所存在于1921年至1950年间的里昂中法大学，曾见证了中大和法国文化交流的历史时刻。
里昂中法大学正门（图源：里昂市立图书馆中文馆藏部里昂中法大学资料室）
1920年春，国立北京大学、国立广东高等师范学校（中山大学前身）以及法国里昂大学代表合作筹备成立中法大学。在里昂中法大学创办过程中，李石曾、蔡元培、吴稚晖等人付出了极大的努力，期间也得到孙中山先生的大力支持。孙中山一方面支持在海外创办中国大学，予以里昂中法大学办学经费支持；另一方面在广州成立了国立广东大学，并将里昂中法大学定为国立广东大学海外部，支持推动从广东输送青年学子赴法留学。
1925年，孙中山先生在广东政府临时大总统任上签署的《饬知里昂中法大学海外部定为国立广东大学海外部令》为中山大学和法国结下了不解之缘。
1925年国立广东大学（中山大学前身）校长邹鲁在广州送别留法学子
回顾历史，里昂中法大学为现代中国培养了一批新型的教育人才，其中不乏中大学子的身影，他们相当一部分回国效力，并加入中山大学等高校担任教职、作育英才，是中法友好交流合作的历史见证人。
藏在中大里的骑士荣誉勋章
法国有一项历史悠久的荣誉勋章——“骑士荣誉勋章”，是法国政府的国家级最高荣誉，为法国发展良好对外关系及法国各领域发展做出杰出贡献的外国公民均可获此殊荣。
在中大，一枚枚骑士荣誉勋章见证了中大为中法教育与文化合作做出的卓越贡献。
梁宗岱先生
在中大，有一批学者大师致力于法语教育和法国历史与文化研究，促进中法之间的文明交流互鉴。中山大学法语专业成立于1957年，是中南和华南地区最早成立的法语专业，著名作家、翻译家梁宗岱先生曾任教于此。
几十载办学光阴间，法语专业培养了一批批高层次复合型的法语人才，而中大外国语学院的王宾教授、蒲志鸿教授等，将毕生心血投入于法语的教育和推广之中。鉴于他们的突出贡献，两位教授先后被授予法国教育界最高荣誉的“法国教育骑士勋章”。
中大法语系梁守锵教授所译伏尔泰的名著《风俗论》、《路易十四时代》书影（上），程曾厚教授《雨果和圆明园》（下）书影
在中大，法国历史和文化研究也取得了丰硕成果。程曾厚教授深耕法国文学研究，尤以雨果研究见长，形成了中国视角和主体意义的雨果研究成果。历史系刘文立教授研究法国历史和社会已久，学术成果、著作等身都曾荣获“法国教育骑士勋章”。
中大和法国的教育合作交流的缘分一直在延续。2010年中山大学与法国政府合作共建的中法核工程与技术学院正式成立。推动此项国家间、高校间达成合作的中山大学前校长黄达人教授也因此获得了“法国国家骑士功勋奖章”。
携手合作，用科技应对人类关切问题
进入21世纪以来，中山大学与法国高校科研机构等开展全方位、多层次的教育科研合作，涵盖医疗健康、生物技术、环境与资源等领域，携手用科技解决人类面对的共同问题。中大和法国在科研领域的友好交流合作，也取得了丰硕成果。
早在2000年，中山大学便与里昂第三大学展开合作，并于2005年签署两校校级框架合作协议，开展学生交换、联合培养、教师交流等项目。2012年，两校续签校级框架合作协议，并在此框架下签署两校学生交换协议、联合培养法语硕士研究生协议及法语专业本科生协议。
2016年中法核学生在法国参加世界核能展与马克龙合影
2010年中山大学与法国政府合作共建的中法核工程与技术学院正式成立。法国电力集团作为创始人和合作方也参与其中。成立的十数年间，为核工业界、核学界输送了大批优秀青年人才。学院荣获中法两国政府联合“中法合作大学优秀项目”，核工程与核技术专业则入选首批国家级一流本科专业建设点。
中法核学院法国教师与学生在课堂上讨论
中山大学与法国诺贝尔奖获得者Jean－Marie Lehn教授合作建立的中山大学Lehn功能材料研究所是一所高水平国际联合研究所。研究所2012年被认定为中法合作机构，2018年获批广东省国际科技合作基地。
1987年诺贝尔化学奖得主、法国科学院院士Jean－Marie Lehn教授讲授“今日化学”
2015年，中山大学与法国洛林大学、法国农业食品环境研究院（INRAE）在法国南锡签订合作协议，正式成立“中－法土壤环境联合实验室”（ECOLAND），聚焦土壤环境重大污染问题。实验室于2018年获批教育部“土壤环境污染控制与修复学科创新引智基地”，这也是国内首个土壤修复类的创新引智基地。联合实验室法方主任Jean Louis Joseph Morel曾荣获首届“广东省友谊奖”。他称：“中国是解决全球生态问题的关键参与者。”
同年，中山大学与里昂大学联盟、里昂新中法大学协会以及里昂第三大学签订合作协议，分别合作共建“中山大学－里昂中法学术交流中心”和“孙中山—让•穆兰中法学术中心”。签署协议后，中山大学和法方密切合作交流，在法语和流体力学等领域成功引进人才，与里昂中央理工学院、里昂高师两所精英高校建立紧密联系，并与总部位于里昂的赛诺菲巴斯德（疫苗公司）、法国里昂P4实验室进行国际合作与交流。
从里昂中法大学时期至今，中大学人与法兰西同行，从未停止过学术上的互学互助，他们用心用情进行学术耕耘，谱写了中法文化交流的诗篇。
黎国昌，中大生物系“建系三老”之一，1924年，留法归国，与同为青年学者的郜重魁、费鸿年一同创立了中山大学生物系，是中大生命科学领域的奠基人之一。
张云，1920年到法国里昂大学留学，1926年获得天文学国家博士学位，1927年回国后在广州中山大学任教，历任教授、数学天文系主任、教务长和三次出任校长。建设的中山大学天文台，是中国人自办的第一个现代天文台。
张云教授
崔载阳，1921年留学法国里昂大学，1927年任广州中山大学教授、教育系主任，参与创办了国立中山大学教育学研究所。
曾任最高人民法院副院长、曾被国家指派为常设海牙仲裁法院仲裁员的端木正教授是新中国成立初期的海归。他1950年获法国巴黎大学，法学博士学位，次年抱着为国效力的宏愿归国，扎根康乐园，从事高等教育五十余年。
2003年1月，端木正教授（前排居中）与夫人姜凝女士和外语系法四班（1967届）部分同学合影
中大1979级校友李太生，于1993年被选派到法国留学，毕业后归国，将在法国求学间所学服务人民，从事感染性疾病临床诊治和科研40年，获得吴阶平医学药学创新奖、国家科技进步二等奖，是首批国家科技创新领军人才。
在中山大学工作过的众多留法学人中，这样的故事数不胜数。邹仪新、叶述武、李国平等人，为中大及中国数学天文教育和科研，做出了不可磨灭的成绩；吴康、王力、程曾厚等人文、社科、建筑界的留法人，在中法文化交流史上贡献良多。
时间流转，为中法文明交流互鉴而努力的中大故事还在继续。中法核工程与技术学院2016届校友李登辉，入职中广核两年后，便被外派到纳米比亚湖山铀矿，在非洲大地上助力国家核电“走出去”。2017届校友邹尧磊，通过国家原子能机构严格选拔，成为唯一人选，赴IAEA参与先进堆工作，在国际多边平台上贡献中大力量。2018届校友徐昌恒，选择扎根核电站基层，致力于建设我国西部首核，助力华龙一号的腾飞。2019届校友马骏，在工作中发光发热，展现过硬的专业技能，荣获2021年度“中国广核集团技术能手”荣誉称号……
回望中大校史中的法国元素，承先启后，继往开来。未来，中山大学与法国的合作将会更加广泛和深入，携手为人类共同问题的解决而努力。
文／广州日报·新花城记者：林霞虹、林欣潼 通讯员：吴立坚、周沫
图／中山大学（除署名外）
广州日报·新花城编辑：赵小满
举报/反馈"
七大学部全部“上线” 中山大学为何要推行学部制?,https://news.ycwb.com/2023-03/30/content_51851596.htm,金羊网,2023年3月30日,
全国最大!“中山大学”号来啦!,http://baijiahao.baidu.com/s?id=1703639864907665317&wfr=spider&for=pc,澎湃新闻客户端,2021年6月26日,
中山大学实行招生改革 新生第一学年全部在本部培养,http://baijiahao.baidu.com/s?id=1696299527885146182&wfr=spider&for=pc,中国青年报,2021年4月6日,"中国青年报客户端讯（中青报·中青网记者 林洁）记者近日从中山大学获悉，2021年中山大学将实行大类招生，所有大一新生第一年将在广州南校园的康乐园学习生活。该校称，此举旨在从提升人才培养质量的角度，让中山大学新生感受康乐园的文化传统，体味百年中大的精神底蕴。
据介绍，中山大学已初步形成“三校区五校园”办学格局，即分别有广州校区的南校园、东校园和北校园，珠海校区和深圳校区。此前，中山大学大一新生主要按学院及专业在相应的校区或校园学习生活。
“让每一个中大学子都可以在南校园上学，感受康乐园的文化底蕴，留下共同的中大记忆，这是学校的愿望和努力的方向，同时更是从人才培养角度作出的重要举措。”中山大学校长罗俊介绍，经过几年的建设，目前南校园的教学空间、住宿空间、餐饮及运动空间等都得到大幅增加和显著优化，历史悠久而优美的校园结合现代化的设施条件将带来新的学习体验。
随着中山大学推进招生改革，该校南校园集中培养其实早有端倪。2020年9月，中山大学新体育馆举行了8000名大一新生的开学典礼，大气舒适的松涛园食堂投入使用，东区学生宿舍楼即将落成，教学型博物馆即将揭开面纱。
“这些举措的背后，就是希望给我们的学生一个更好学习环境和学习条件。”罗俊说，落实立德树人根本任务，聚焦人才培养的高质量发展，自始至终是这所学校所有工作的中心和出发点。
据悉，中山大学南校园占地1.239平方公里，位于广州市海珠区，在珠江南岸江畔，所在地亦称“康乐园”，可容纳18000多个学生就读，将主要作为大一新生和基础学科办学的校园。
校园内，树影婆娑，鸟语花香，建筑非常富有风格，文物古迹、名人故居分布多处，有著名的大钟楼、怀士堂、陈寅恪故居、黑石屋、惺亭、马丁堂、模范村等，还有一处明代乙丑进士牌坊。中山大学康乐园与北京大学的未名湖、武汉大学的珞珈山并称“三大中国大学最美景观”。
摄影：瞿俊雄
来源：中国青年报客户端
举报/反馈"
"中山大学大一新生入学,将有一个新变化!",http://baijiahao.baidu.com/s?id=1696244607177966186&wfr=spider&for=pc,光明网,2021年4月6日,
“中山大学研制”护肤品和中山大学有关系吗?客服:大学没参与研发,http://baijiahao.baidu.com/s?id=1684929995635190129&wfr=spider&for=pc,央视网,2020年12月2日,"央视网消息（记者 阚纯裕 及玥）：近几年，不少大学科研产品转化为商品，受到消费者的追捧，但央视网记者调查发现，电商网站上打着“大学科研产品”旗号的商品鱼龙混杂，消费者购买时应仔细甄别。
记者搜索发现，“中山大学科研产品”概念极受商家欢迎，仅护肤品类目就有6个品牌标注“与中山大学合作研发”，从身体乳到防脱洗发水，再到“丰泪沟神器”，产品线可谓丰富。而这些产品的价格波动幅度巨大，以“KUGG眼部丰盈原液”为例，其单盒价格由198元至498元不等。而在社交平台上，有消费者交流“安婷虾青素”打折券的信息，原价199元的虾青素，在活动期间购买两瓶仅需19.9元。
那么，这些护肤品由中山大学哪个学院出品，是否获得了中山大学的官方授权呢？记者分别咨询了六家店铺客服。
将“中山大学联合实验室”字样放置于显著位置的安婷旗舰店，客服人员以负责人不在为由拒绝出示授权文件。记者致电中山大学生命科学学院，媒体中心人员表示：“这个我不是很清楚，我不是搞学术科研的，我了解一下再回复您。”
安婷旗舰店客服拒绝出示中山大学授权文件
此后记者多次拨打电话，生命科学学院未作出进一步回应。
在搜索中记者发现，有多家店铺在名称中加入“中山大学”字样。面对记者对于店铺真实性的求证，客服表示肯定。但该店铺提供的授权文件仅针对其售卖的其中一款产品，且该文件的落款并非中山大学，公章属于“广州中大生化科技有限公司”。
中山大学品牌直销店客服出示的授权文件，落款为广州中大生化科技有限公司
一款“KUGG眼部丰盈原液”在包装上以显著字体标注了“中山大学”，而包装下方出现了三家企业的名称。
记者联系到生产厂家广州楚业科技有限公司，该企业张姓负责人表示：“中大生化科技有限公司，它的母公司就是中山大学，这一个中大生化是产业单位，是校企，我们是技术联合的。”
“这个是我们生产单位的，中大生化这边是出技术的，他是不销售的。”
该负责人表示，中大生化有限公司仅提供技术支持，后续的生产和销售都由广州楚业科技有限公司进行，以“中山大学”字样进行宣传也是公司的商业行为。记者询问该公司生产的“碧生源拉丝洁面慕斯”“KUGG眼部丰盈原液”是否都由中大生化研发，并非中山大学，该负责人未表示否认。
当记者询问中山大学是否提供了授权时，负责人表示：“我是跟中大生化的，不是跟中山大学的。”
不过，耐人寻味的是，同样售卖该公司的产品，中山大学品牌直销店的客服给出的研发方有了微妙的变化。
但客服给出的“中山大学南方医院”，是一家根本不存在的医院。
中山大学品牌直销店客服表示“中山大学没有参与研发”
对此，中闻律师事务所合伙人王国华表示：“中山大学这个名称是属于中山大学专享的一个权利，除了中山大学之外，其他任何主体，无论是跟中山大学直接有股权关系也好，还是有其他隶属关系也好，在没有经过中山大学同意的情况下，就不可以去使用中山大学的名称，企业的股权和中山大学有一定的关联关系，但它属于独立的主体，是不能够去使用中山大学的名称来进行商业宣传的。如果是进行这样的商业宣传，构成了不正当竞争，侵犯中山大学企业名称权。”
无独有偶，“翼颜极润洁面乳”的商品详情页上以加粗字体标注中山大学研制，客服表示产品为“中山大学学习研发，厂家生产”，但当记者追问实验室名称时，客服未给出答案。
更大的问题隐藏在商品详情里，记者查询商家标注的化妆品备案号，发现此款洁面乳的备案早在今年的5月便已注销，而商家依然在正常销售。
为了确认这些商品是否由中山大学研发、授权，记者多方联系中山大学校长办公室、党委宣传部，但未获回应。
举报/反馈"
"中山大学领导班子再调整,清华大学博士被重任,履历曝光令人羡慕",https://learning.sohu.com/a/655567730_121642586,搜狐网,2023年3月18日,
中山大学党委书记陈春声:加快建成大湾区首所中国特色世界一流大学,https://baijiahao.baidu.com/s?id=1738210402593604057&wfr=spider&for=pc,南方新闻网,2022年7月13日,"不久前，随着国内最大的“中山大学”号海洋综合科考实习船驶向深蓝、戴永久院士工作站在海南三沙市揭牌，中山大学海洋学科群进一步经略南海、向海图强，更好服务国家海洋强国战略。
中大由孙中山先生亲手创立。办学98年，中大始终坚持与国家同行、与时代同向，赓续红色血脉、培养一流人才。进入新时代，中大坚持胸怀“国之大者”，扎根粤港澳大湾区，积极探索中国特色、世界一流大学建设新路，成为全国改革发展速度最快的“双一流”建设高校之一。
“百年中大始终紧跟党和国家的发展步伐，形成‘三校区五校园’办学新格局，学科布局、办学空间、教师储备奠定了下一个百年蓬勃发展的基业。”近日，中山大学党委书记陈春声在接受南方日报专访时说，在实现第二个百年奋斗目标的新征程上，中大将努力实现内涵式高质量发展，加快建成大湾区首所中国特色、世界一流大学。
扎根大湾区三座城市办学
南方日报：习近平总书记强调，扎根中国大地办大学，走出一条建设中国特色、世界一流大学的新路。您怎么理解这句话？
陈春声：办好中国特色、世界一流大学，关键在于坚持党的全面领导，培养堪当民族复兴大任的时代新人。
在“双一流”建设中，我们始终坚持党建与育人工作深度融合，加强思想政治理论课建设，加强中国特色哲学社会科学研究，强力支撑高水平科技自立自强，加强新时代教师队伍建设，为党和国家源源不断地输送能担当时代重任、德智体美劳全面发展的社会主义建设者和接班人。
南方日报：中大大力度改革，发展速度瞩目。怎么做到的？
陈春声：在国家和省市的支持下，中大实现了跨越式的改革发展，整体实力稳居国内高校前列，若干指标已经进入国内高校第一方阵。我自己有三点深刻感受：
我们更加明确牢记“国之大者”、扎根中国大地办大学的意识。这几年中大人明白了肩上沉甸甸的责任，打造了“中山大学”号海洋综合科考实习船、“中山大学极地”号科考船、天琴中心、中大谱仪等一批“国之重器”，并加快建设高水平生物医学实验室，科研经费从7年前的10多亿元增长到40多亿元，加快解决“卡脖子”技术难题，服务国家重大战略。
我们更加明白立德树人是大学的根本任务，探索具有中大特色的人才培养模式。通识教育与专业教育相结合，大一新生集中在广州校区南校园学习生活，感受百年中大的深厚精神底蕴和文化传统。扩大研究生招生规模，研究生招生人数超过本科生，在校本科生超70%读研深造，让更多优秀学生接受更长时间的高等教育，成长为国家社会需要的高层次人才。
我们立足粤港澳大湾区建设，更扎实有效地服务地方经济社会发展。新建深圳校区，按照世界一流大学建设标准布局新医科新工科新农科，在珠海校区布局深海深空深地深蓝学科、在广州校区优化文理医工布局协调发展，形成了“三校区五校园”统筹发展、合力支撑的办学新格局。
南方日报：调整后，中大学科结构有大变化，比如新增工科、农科、艺术学科等，学科门类更齐全。背后有什么考量？
陈春声：进入新时代以来，中大加快“双一流”建设，对学科重新规划布局，努力建设一所学科门类齐全的综合性大学。
我们在深圳办新工科、新医科，培养创新人才，支撑粤港澳大湾区的科技创新发展，服务人民生命健康；办新农科，瞄准水稻、小麦、玉米、大豆四大主粮种业安全，努力把中国人的饭碗牢牢端在自己手上。在珠海布局大海洋学科群，服务国家海洋强国战略；在广州新办艺术学科，完善新时代高校美育工作，塑造良好的大学育人氛围。
目前，中大学科门类覆盖面广，研究生教育涵盖了除军事学外的所有学科门类，工科相对落后的局面也得到根本转变，学科结构进一步优化，综合性办学优势愈发凸显。
构建以学生成长为中心的人才培养体系
南方日报：您连续两年在毕业典礼上讲了李太生、韦慧晓、万雅文、陈星灿、李敏、黄思薇6位优秀校友的故事，是出于什么考虑？
陈春声：去年开始，我在毕业典礼上分别讲了3位校友的故事，他们无论是身处繁华都市，还是乡野田间，都能扎根本职、服务国家、追求卓越。正如今年高松校长所说，要练就强大的学习力、思想力和行动力，成为富有创造力的能够引领未来的卓越人才。
建校98年来，一代代中大学子用不懈奋斗铸造中大的精神内核，引领后来学子前赴后继、生生不息。我也希望新一代中大人要立志做奋进新征程的担当者、建功新时代的笃行者、建功新发展的先行者。
南方日报：您曾讲过，中大与国际一流大学最难缩小的差距是本科人才培养质量。这一观点是否有变化？
陈春声：这些年，我们在本科人才培养上下了很多功夫，生师比从2015年的28∶1降低到现在的17∶1，未来有望到14∶1，如此一来，学生们小班上课，老师们则可以精心批改作业，做更多个性化辅导。
但我现在依然认为，中大与国际一流大学最难缩小的差距是本科人才培养质量，特别是课堂质量还要下一番苦功夫、用较长时间追赶，更需要所有人把学生成长放在第一位。
南方日报：怎么进一步把学生放在第一位？
陈春声：在我看来，重塑以学生成长为中心的人才培养体系，最重要是尊重高等教育规律，深刻把握国际化办学和扎根中国大地办学的辩证关系。接下来，我们将重点做好三方面工作：通识教育与专业教育相融合，是研究型大学本科教育发展之路；深化教师人事制度改革，着力打造高素质教师队伍；稳步推进学部制改革，健全学术治理体系，激发院系活力，促进学科交叉。
为大湾区输送高水平创新人才
南方日报：中大扎根粤港澳大湾区三座城市，如何为“双区”建设提供更有力的支撑？
陈春声：新征程中，我们将紧紧把握“双区”、两个合作区建设等重大国家战略机遇，在大湾区建设世界重要人才中心和创新高地中充分发挥中大作用，持续为大湾区输送高水平创新人才，支撑大湾区经济、科技和产业发展，提供一流医疗卫生服务，促进大湾区高等教育结构布局的持续优化和交流合作的不断深化，为推动香港和澳门融入国家发展大局作出贡献。
南方日报：再过两年，中大将迎来百年校庆。在您心目中，百年中大应该是一个怎样的中大？
陈春声：中大由孙中山先生亲手创办。中大是一所具有光荣革命传统的大学，是马克思主义在中国传播与实践的重要发源地；是具有爱国奋斗精神的大学，为国家现代化建设培养了大批卓越人才；是具有深厚学术传统、追求卓越品格的大学。
现在我们确立了扎根中国大地，坚持社会主义办学方向，建设世界一流大学的战略目标。回望百年路，我认为新时代的中大无比接近这个目标。
南方日报：展望第二个百年，中大将有什么新作为？
陈春声：这几年，中大的办学格局、学科布局、队伍建设等都驶上了快车道，为下一个中大百年奠定坚实的硬件基础，接下来要更加注重内涵式高质量发展。我们将大湾区建设的政策优势转化为学校的发展动能，全面提升办学质量和水平，加快建成大湾区首所中国特色、世界一流大学。
到2049年，我国将实现全面建成社会主义现代化强国的第二个百年奋斗目标。那时，中国应有若干所一流大学跻身世界前20强，我希望中大能占有一席之地，我们有这个信心，也有这个决心！
案例
大一新生在南校园浸润一年
中大加快推进人才培养高质量发展，探索具有中大特色的培养模式。从2021年起，大一新生在广州校区南校园学习生活，感受百年中大的精神底蕴和文化传统。
经过几年建设，南校园的教学空间、住宿空间、餐饮及运动空间等都得到显著优化。历史底蕴深厚的美丽校园结合现代化的设施条件，带给学生全新的学习体验。
服务国家需求能力不断提升
中大面向世界科技前沿、服务国家需求能力不断提升。
学校大力推进智库建设，提升文科影响力。粤港澳发展研究院、国家治理研究院、“一带一路”研究院等智库和教育部人文社科重点研究基地，为国家重大政策的制定与实施贡献中大智慧。
国家超级计算广州中心、天琴中心等重大平台和重大科技基础设施集群建设取得突破性进展，支撑未来发展的创新体系正在形成。
数读
办学总经费增长迅速，2021年学校决算总收入99.74亿元。
根据国家公布的“双一流”学科名单，学校11个学科入选，入选学科数全国并列第八。
现有院士（含双聘）21人，高层次人才数量居国内高校前列。
10个专业入选强基计划（基础学科招生改革试点）；11个学科专业入选教育部基础学科拔尖学生培养计划2.0基地，总数全国并列第四；58个专业入选国家级一流本科专业建设点，总数全国并列第五。
获批国家社科基金年度项目以及教育部人文社科研究一般项目（不含专项）立项项目数之和，连续6年保持全国高校前二；国家自然科学基金集中接收期立项数连续5年位居全国第二。
南方日报记者 吴少敏 汪祥波
举报/反馈"
中山大学深圳校区将新增6个学院,http://baijiahao.baidu.com/s?id=1694088396276144233&wfr=spider&for=pc,澎湃新闻客户端,澎湃新闻客户端,
瞭望丨中山大学校长、中国科学院院士罗俊 以三大建设 瞄准世界一流,http://baijiahao.baidu.com/s?id=1653495373857803427&wfr=spider&for=pc,新华社客户端,2019年12月21日,"文|《瞭望》新闻周刊记者郑天虹扈永顺
◇要用最优秀的人培养更优秀的人
　　
◇高等教育在推动粤港澳融合发展方面具有重要作用，深圳校区建成后，中大形成三校区五校园的办学格局
　　2019年12月20日，天琴一号技术试验卫星在太原卫星发射中心成功发射，该星是天琴计划首发星。2014年，中山大学校长、中国科学院院士罗俊提出了天琴计划，用以探测空间引力波。
　　日前，罗俊在接受《瞭望》新闻周刊记者专访时表示，天琴计划是中山大学面向学术前沿发起的国际空间引力波探测计划。中山大学还将着力面向国家重大战略、面向经济主战场，推动大项目、大团队、大平台建设，实现学校“让国家首先想到、让社会首先想到、让学界首先想到”的目标。
　三个面向引领好大学建设
　　
　　《瞭望》：作为大学校长，你认为什么样的大学才是一所好大学？评判标准是什么？
　　罗俊：衡量一所大学水平本质上是要看影响力，其核心就是“三个首先想到”，即让国家首先想到，让社会首先想到，让学界首先想到。为实现三个首先想到，就要进行三大建设，即大项目、大团队、大平台建设。
　　首先，大项目体现的是国家需求，通过承担大项目，产出大成果，为国家重大战略做出贡献，自然能被国家首先想到；其次，围绕承担大项目需要聚集一群人，这就是大团队。大家从事大项目研究需要基本环境和条件，这就是大平台，大学汇聚了一大批高水平人才，还有独一无二的研究条件，自然就能在学术圈形成影响力，被学界首先想到；还有，在从事高水平研究的过程中，有机会培养出大量的优秀人才，这些人才不断进入社会各个领域，创造价值，学校的社会影响就会不断扩大，自然能被社会首先想到。
　　纵观世界一流大学发展历史，可以发现一条重要规律，即很多优秀的大学都是通过增强核心创造力，提高人才培养质量，进而实现整个学校办学水平的提升。例如加州理工大学从几名研究生开展火箭实验项目开始，到1944年建成世界著名的喷气推进实验室，铸就了加州理工大学世界一流工科大学地位，这是从大项目牵引大团队和大平台、进而推动学校办学水平提升的经典范例。加州大学伯克利分校到20世纪30年代仍然没有形成世界影响力，直到其建成了劳伦斯伯克利国家实验室。还有麻省理工学院、芝加哥大学等，在世界排名前十的大学发展经历中，都能清晰看到学校面向重大问题整合资源、组织团队、构建平台的发展轨迹。
　　国内很多一流大学的发展，也表现出同样规律。如新中国成立后，清华大学在北京昌平选址建设原子能研究基地，孕育出世界上最先进的核技术，最具代表性的高温气冷实验堆已实现商用，为清华迈向世界一流提供了关键支撑。还有以南京大学为主建设的固体微结构物理国家重点实验室；中国科大在量子、同步辐射等领域建设的12个国家级科研机构、4个国家重点科技基础设施；华中科大建设的光电国家科学中心、国家脉冲强磁场科学中心、引力实验中心等，都是以三大建设推动学校水平快速提升的实例。
　　当前，中山大学已不再满足于“岭南第一”“南方学术重镇”的自我定位，而是以国内第一方阵高校为参照，加快三大建设步伐。
　　《瞭望》：为建设一所好大学，中大做了哪些工作？
　　罗俊：学校坚决贯彻党的教育方针，坚持立德树人的根本任务，确立了“德才兼备、领袖气质、家国情怀”的人才培养目标，明确了德育与智育、学科与专业、科研与教学、本科生培养与研究生培养、第二课堂与第一课堂相融合的五个融合人才培养改革思路，不断把立德树人的根本任务内化到学校建设和管理各领域、各方面、各环节，人才培养能力不断提升。
　　五年来，学校以“面向世界科技前沿、面向经济主战场、面向国家重大需求”为导向，改革科研管理体制，推进三大建设，国家一系列重大战略在学校落地实施。在面向学术前沿方面，我们重点培育了天琴计划、全球大气模型、中子谱仪等平台；在面向国家重大需求方面，我们重点建设了粤港澳发展研究院、海洋实验室和海洋科考船等平台；在面向国家与地方经济社会发展方面，我们重点建设了广州超算中心、精准医学中心等平台，项目进展顺利、成效明显。
　　根据时代需求，学校不断凝练学科方向，通过打造特色引领学科发展。2015年以来，学校在珠海校区建设“深海深空深地”大海洋学科群，在深圳校区发展新工科、倍增医科。学校还根据文理医工融合发展的学科格局，成立新学院，设立新专业，培养更具竞争性的人才。
　　《瞭望》：在一流大学建设过程中，你认为大学应该传承哪些精神品质？
　　罗俊：在学校发展中，大学要做到三个守护，即守护大学精神、守护游戏规则、守护多数人的利益，强调塑造更有精神文化内涵的大学共同体。
　　守护大学精神，就是要传承百年中大优秀的办学传统、家国情怀和学术精神，形成新时期中国特色社会主义大学文化，这是推动一流大学建设最根本的内生动力；守护游戏规则就是要保障大学行稳致远；守护多数人的利益，就是学校决策要以保护多数人合法权益为出发点，关注和满足大多数师生员工的利益需求，其本质是以人民为中心、办人民满意的大学。
“要用最优秀的人培养更优秀的人”
　　《瞭望》：立德树人是我国高校的根本任务。中大是如何做的？
　　罗俊：培养人才对大学来说是最重要的，是根本。培养出来的人才是要引领社会发展的，所以要用最优秀的人培养更优秀的人。
　　教师是立教之本、兴教之源，教师首先要有高尚的师德师风，还要有很高的科研水平，他们在大学的主要任务是育人。好老师把教书育人当作职业，优秀老师当作追求，卓越老师当作使命，这是师道的境界标准。好老师花时间认真备课上课、与学生面对面交流交心，完成一个教师的基本职责；优秀老师花心思研究教学、研究学术、研究学生心理，研究教学过程中存在的问题并加以改进，本质上是享受用心育人的过程，享受学生成长成才带来的喜悦；追求卓越的老师对学生有仁爱之心，有大爱之情，对党的教育事业无限忠诚、无私奉献，视其为毕生使命。更有一些有至高境界的老师，把教书育人视作自己生命和价值追求的延续，不给自己留遗憾，不让学生在大学和人生的黄金学习阶段留下遗憾。
　　一流大学有本硕博人才培养的任务，但本科教育是根基。中山大学高度重视本科教育的基础地位，近年来不断增加本科教学的经费投入，积极引导教师重视本科教学，制定教学工作量考核标准，明确教师本科教学工作量要求，在院系年终综合绩效评价中，增加人才培养评价指标比重。
　　2015年以来，学校不断创新教育理念、更新教学方法，提出本科人才培养必须做到“五个融合”；提出第一课堂是主渠道，第二课堂必须服务于第一课堂；提出学科与专业一体两面，通过加大学科建设投入促进教学进步等。这些新理念新措施，有力推动了本科教育工作发展。
　　同时，学校加强了科研与教学融合。五年来，我们要求所有本科专业的课程体系要开设学术前沿、学术训练的提升课程，要求所有重大科研创新平台对本科生开放，每年为研究生进入科研提供充足经费资助，把教授上本科生课程比例从67%提高到了95%，为学生提供了更丰富、更前沿、更优质的教育资源。学校还全面实施了本科导师制、班主任制度和优秀青年教师担任辅导员制度，增强了对青年学生的学术引领。
　　五年来，中山大学本科生录取分数均重差（录取平均分与重点线的差）文科增长了32分、理科增长了50分。本科继续深造率从43%提高到61%，这些都显示出学校在人才培养质量方面取得了较大提升。
　　《瞭望》：在建设一流教师队伍方面，中山大学做了哪些努力？
　　罗俊：在大学，好教授就是一辈子做一件事；优秀教授就是一辈子做成一件事。中山大学一直把人才强校战略作为办学治校的根本战略之一，非常重视教师队伍建设。
　　2015年以来，学校实施人才倍增计划，新引进各类人才6500人，近40%从海外一流大学或科研院所直接引进。引进人才有效降低了生师比，缓解了师资严重不足的问题。
　　在提升教师业务能力、激励人才成长为大师方面，学校一是成立教师发展中心，专门负责教师教学能力发展，面向新建院系、青年教师开设岗前培训课程；举办主题培训、教学沙龙、工作坊、观摩课、以师带徒教研实习等活动，提升教师教学能力。二是实施教师分类管理，设置教学研究并重岗、教学岗、研究岗三类教师岗位，积极引导教师发挥自身特长，明确职业发展方向。三是健全教师考核激励机制，坚持师德为先，加大本科教学和师德师风在年终综合绩效评价中的比重，引导教师更加重视立德树人。
　　《瞭望》：中大在协调教师的科研与教学方面，建立了怎样的评价体系？
　　罗俊：我们建立了科研与教学两个不同评价体系。学校建立了人才蓄水池，招揽青年人才专门从事科研工作。近几年新设立的专职科研人员队伍，加上博士后队伍的增量，已经达到3800人的规模，对这些青年科研人员的评价，主要是看其科研做得好不好。
　　目前这些青年人才还没有进入教师体系。等他们科研做好了，再让他们承担教学任务，教学任务会在绩效工资占比中有体现。在教学评价体系方面，学校做好清理“唯论文、唯帽子、唯职称、唯学历、唯奖项”工作，为教师教学工作破除外部发展障碍。
　　此外，我们还认为学校要与国家科研主管部门建立更加密切的沟通联系，要把国家重大科研布局信息及时准确传递到一线教师，加强对教师开展科研的引导，改变当前科研组织“上热中温下凉”的情况，鼓励老师把自身专长与国家需求更加紧密结合起来。
服务地方经济发展
　　
　　《瞭望》：在适应东南沿海先行先试的探索中，学校做了哪些工作？
　　罗俊：广东地处改革开放前沿，对理工科人才需求量很大，为培养更加符合当地发展需求的人才，我们开展了大规模的学科与院系调整。
　　学科调整方面，一是倍增医科。在深圳校区建设医科院系和医院，使得医科发展物理空间、人才培养体量、师资队伍规模均实现倍增；二是提升理科。调整了物理、化学、大气、海洋、天文等学科布局，增强了理科实力；三是发展工科。改革工科原有发展模式，拆分或整合了计算机、电子、材料、化工、地球、航空航天等学科，新建了一大批工科学院，困扰学校多年的工科发展瓶颈基本得到破解。学科动态调整之下，招生专业数由126个优化至78个，根据学科发展需要新增一批专业，人才培养的专业结构更加符合一流大学建设的基本规律和社会发展需求。
　　在学院调整方面，中大提出要治水课、治水师、治水院，调整了29个学院。2015年以来，学校按照高标准组织编制课程教学大纲，提高专业课的难度，并要求在培养方案中增加专业基础课和专业核心课的学分，在源头上挤水。要求教师严格按教学大纲上课、按照教学大纲对学生进行考核，进一步提高课堂教学质量，做到过程中防水。要求院系梳理本科培养方案，规范平台课程建设，对平台课程实施教考分离。
　　一系列内涵式发展举措，稳步提升了学校的学科发展水平，有11个学科入选国家“双一流”学科建设名单；14个学科第四轮学科评估获评A类学科；19个学科进入ESI全球前1%，3个学科进入ESI全球前1‰；USnews上榜学科数22个，在国内高校中并列第4位；ARWU上榜学科领域数41个，在国内高校中并列第4位。各方面学科水平评价均居于全国高校前列，学校文理医工农艺全面发展格局已初步形成，综合性、研究型、开放式的办学特色更加鲜明。
　　《瞭望》：在科技成果转化方面，中大做了哪些工作？
　　罗俊：科技成果转化是大学服务经济社会发展的重要手段。近几年，中大一方面紧紧围绕国家和区域重大战略需求，不断提升关键核心技术创新能力；另一方面坚持让专业人做专业事，不断创新成果转化管理服务体系，形成了市场导向、规范管理、协同推进、激励创新的成果转化新机制。总体上看，学校科技成果转化的成效越来越突出，对地方创新驱动发展的支撑作用越来越明显。
　　近几年，学校每年知识产权申请量以28%的速度递增，2015年以来转化的科技成果数量较前五年增长近87%。学校有多项重要成果已经转化或正在转化，包括中药五类新药红珠胶囊、石墨烯复合新材料、肺动脉高压药物、柚皮苷新药、结直肠癌试剂盒等。
　　《瞭望》：你曾表示，“中大拥有深圳校区，就拥有未来百年持续发展的战略基础。”如何理解建设深圳校区的目的和意义？
　　罗俊：建设深圳校区本质上是服务国家重大战略，首先是服务粤港澳大湾区战略。高等教育在推动粤港澳融合发展方面具有重要作用，深圳校区建成后，中大形成三校区五校园的办学格局，三个校区分别位于大湾区的广州、深圳和珠海三个“极点”城市，将对粤港澳青年融合培养、大湾区改革发展起到更大的推动作用。再者是助力深圳建设中国特色社会主义先行示范区。
　　先行示范区建设是综合性、全方位的，“民生幸福标杆”是先行示范的重要内容，中大深圳校区配套建设了中小幼学校和附属医院，将综合发力，努力为提升深圳的教育和医疗事业发展水平贡献力量。
　　建设深圳校区，也将帮助中大突破若干改革发展“瓶颈”，包括工科较弱、医科办学面积受限、生均资源不足等，将加快中大建设中国特色世界一流大学的进程。
　　学校与深圳市政府于2015年签署协议共建中山大学深圳校区，校区以医科和工科为主要学科，目标是建成综合性的中国特色世界一流大学校区。2016年深圳校区已经开始招生，目前暂在广州校区培养，预计2020年深圳校区将部分投入使用。
举报/反馈"
中山大学迎新生:微信报到三分钟刷脸住宿舍,https://news.cctv.com/2018/08/30/ARTIzuUbSuPOnntMSbg1F9qT180830.shtml,央视网,2018年8月30日,
中大学生会“干部任命公告”事件:重温中山先生当年的话,https://baijiahao.baidu.com/s?id=1606599835796351589&wfr=spider&for=pc,广东共青团,广东共青团,"7月19日，中山大学学生会官方微信公众号发布了一则“学生会干部任命公告”，瞬间引发了网上热议。
当天，中大学生会迅速删除了公告，并在第二天进行了公开道歉。
7月21日，中央纪委国家监察委网站【今日锐评】栏目对此事进行了评论。全文如下。
中央纪委国家监委网站 截图
因为一则“学生会干部任命公告”，中山大学学生会猝不及防地成为“网红”。
在中山大学学生会官方微信公众号7月19日发布的《中山大学学生会2018—2019学年度干部任命公告》中，按照三个层级公示了200多个学生干部岗位，而在“秘书机构”和“组成部门”两层级中，还特别标明了职位是“正部长级”还是“副部长级”。
一堆“正部长级”“副部长级”，被安在一个个青年大学生头上。简单幼稚的仿制，良莠不分的嫁接，荒诞喜剧的即视感扑面而来，让很多网友忍俊不禁，一边嬉笑一边转发。
社交媒体上的评论是一边倒地批判：
“定岗定级，满满官僚。”
“一堆‘正部长级’‘副部长级’，这官瘾是有多大？”
“官僚要从学校抓起？区区学生会有组成部门，有直属机构，一堆‘正部长级’‘副部长级’，有主持工作的常务副职，有享受‘正部长级’的副部长。”
……
诚然，社会需要的人才，是真抓实干，而非巧舌如簧；是一心为公，而非好大喜功；是追求进步，而非贪图荣华。高校里的这种歪风早该刹一刹了，否则“学生会干部”迟早将会成为一个人职业生涯的“负资产”。
显然是感受到了汹涌而至的舆论压力，发布者迅速删除了这则“学生会干部任命公告”。7月20日，中山大学学生会发布《关于学生干部聘任公告的说明》，表示“在公告中，我们错误使用了级别的表述，对此深表歉意”。
道歉、改正，这样的态度和行动，值得肯定。对青年来说，犯错误是不可避免的，也并不可怕，能够认识并改正错误，就是好事情。
但，知错改错之后，更需要沉下心来，思考如何“保持朝气蓬勃、展现清风正气，让人迎面就能感受到一种干净、一份纯粹、一身担当”，并以此为契机，改变一些不合时宜、与“大气候”格格不入的陈规陋习、陈腐风气，去除人为制造的科层制和刻意强化的层级感，跟官气、躁气、暮气说再见。
革故鼎新，不应是“一个人的战斗”，包括学校管理层、团委和教育主管部门以及社会各界，都需要给青年成长的时间和成熟的空间，在他们出现过失的时候少些“大棒”、“板砖”和“紧箍”，而是给予春风化雨的指导、正人先正己的引导，从而使其在面对象牙塔之外的纷繁世事之时，有活力又有定力，不至于老气横秋，也不至于被一时名利“浮云遮望眼”。
毕竟，青年就如海绵，他们展示的是黑还是白，取决于从学校、社会的“大缸”中吸收了什么。此外，别忘了，海绵还有强力去污的另一面。正所谓“青年兴则国家兴，青年强则国家强”，青年应是驱秽的清风、未来的希望，需要更好地呵护与守望。
高校学生会自“五四运动”以来，有着很长的历史，发挥着重要的作用，是学生“自我服务、自我管理、自我教育、自我监督”的组织，是为学生提供服务的组织。
青年人是国家的未来和希望。习近平总书记曾引用孙中山先生当年的话教育广大青年：“要立志做大事，不要立志做大官”。这句话，至今仍然刻在中山大学的校园里，当年中山先生发表演讲的地方。
此次中山大学学生会干部任命公告事件，虽说未必就是这些十几二十岁的孩子“官瘾”有多大，且他们第一时间也承认错误作出了道歉，年轻人知错能改善莫大焉，正如中纪委【锐评】中所说，应该给予春风化雨的指导、正人先正己的引导，鼓励他们沿着正道往前走。但同时，出于真心爱护和帮助年轻人成长的角度，我们还是有必要一起重温一下当年中山先生的告诫，毕竟人的心性修炼是无止境的，需要时时自我提醒。我们每个人都一样。
我贡献诸君的，就是要诸君立志，要有国民的大志气，专心做一件事，帮助国家变成富强。
——《在广州岭南学生欢迎会的演说》
第一件是要立志。立志是读书人最要紧的一件事。至于学生立志，注重之点，万不可想要达到甚么地位，必须要想做成一件甚么事。因为地位是关系于个人的。达到了甚么地位，只能为个人谋幸福。事业是关系于群众的，做成了甚么事，便能为大家谋幸福。
——《在广州岭南学生欢迎会的演说》
无论甚么事，只要能够彻底做成功，便算是大事……就自己喜欢所做的事彻底做去，以求最后的成功，中途不要喜新厌旧，见异思迁，那便是立志。
——《在广州岭南学生欢迎会的演说》
古今人物之名望的高大，不是在他所做的官大，是在他所做得事业成功。所以我劝诸君立志，是要做大事，不可要做大官。
——《在广州岭南学生欢迎会的演说》
大家有大志气，不可有小志气。个人升官发财是小志气，大家为国奋斗，造成世界上第一个好国家，才是大志气。
——《对驻广州滇军的演说》
要从今天起立一个志愿，一生一世，都不存升官发财的心理，只知道做救国救民的事业……
——《在陆军军官学校开学典礼的演说》
凡职业无论大小，官阶无论高卑，若不能立志，虽做皇帝，做总统，亦无事可做；若能立志，则虽做一小官，做一工人，亦足以成大事。
——《杭州督军署宴会上的演说》
举报/反馈"
中山大学校园发掘出13座古墓 出土文物37件(套),https://news.cctv.com/2019/01/07/ARTIyFjAEKK3VjnfK8l0A9ln190107.shtml,央视网,央视网,
"校友向中山大学申请公开""限外令""相关信息:应开放校园",https://news.cctv.com/2017/04/14/ARTISVGHVWR522MebMHY84ef170414.shtml,央视网,2017年4月14日,
“中山大学河南分院”未了身后事,https://www.yicai.com/news/1371679.html,第一财经,第一财经,
中山大学博士养苍蝇日进千金,https://news.cctv.com/society/20080920/100773.shtml,央视网,2008年9月20日,
中山大学北门发生命案 男子众目之下被刺死(图),https://news.cctv.com/society/20070903/100208.shtml,央视网,2007年9月3日,
台湾学生热衷大陆高校 报考人数成数倍的激增,https://news.cctv.com/2018/05/20/ARTIZuI0aBRBYCeQeIYYN8yu180520.shtml,央视网,2018年5月20日,
